Az_1;Az_2
0;0
0,000457852;0,001832596
0,000916961;0,003665191
0,001377321;0,005497787
0,001838927;0,007330383
0,002301773;0,009162979
0,002765853;0,010995574
0,003231162;0,01282817
0,003697694;0,014660766
0,004165444;0,016493361
0,004634405;0,018325957
0,005104573;0,020158553
0,005575943;0,021991149
0,006048508;0,023823744
0,006522263;0,02565634
0,006997203;0,027488936
0,007473324;0,029321531
0,007950618;0,031154127
0,008429082;0,032986723
0,008908709;0,034819319
0,009389495;0,036651914
0,009871435;0,03848451
0,010354523;0,040317106
0,010838754;0,042149701
0,011324124;0,043982297
0,011810626;0,045814893
0,012298257;0,047647489
0,012787011;0,049480084
0,013276883;0,05131268
0,013767869;0,053145276
0,014259962;0,054977871
0,014753159;0,056810467
0,015247455;0,058643063
0,015742844;0,060475659
0,016239322;0,062308254
0,016736885;0,06414085
0,017235526;0,065973446
0,017735243;0,067806041
0,018236029;0,069638637
0,018737881;0,071471233
0,019240794;0,073303829
0,019744762;0,075136424
0,020249782;0,07696902
0,020755849;0,078801616
0,021262959;0,080634211
0,021771106;0,082466807
0,022280286;0,084299403
0,022790495;0,086131999
0,023301729;0,087964594
0,023813983;0,08979719
0,024327253;0,091629786
0,024841533;0,093462381
0,025356821;0,095294977
0,025873111;0,097127573
0,0263904;0,098960169
0,026908683;0,100792764
0,027427955;0,10262536
0,027948213;0,104457956
0,028469452;0,106290551
0,028991669;0,108123147
0,029514858;0,109955743
0,030038986;0,111788339
0,03056414;0,113620934
0,031090224;0,11545353
0,031617264;0,117286126
0,032145257;0,119118721
0,032674199;0,120951317
0,033204085;0,122783913
0,033734911;0,124616509
0,034266675;0,126449104
0,03479937;0,1282817
0,035332995;0,130114296
0,035867544;0,131946891
0,036403015;0,133779487
0,036939402;0,135612083
0,037476703;0,137444679
0,038014913;0,139277274
0,038554029;0,14110987
0,039094047;0,142942466
0,039634962;0,144775061
0,040176773;0,146607657
0,040719473;0,148440253
0,041263061;0,150272849
0,041807532;0,152105444
0,042352883;0,15393804
0,04289911;0,155770636
0,043446209;0,157603231
0,043994177;0,159435827
0,044543011;0,161268423
0,045092706;0,163101019
0,045643259;0,164933614
0,046194666;0,16676621
0,046746925;0,168598806
0,047300031;0,170431401
0,047853982;0,172263997
0,048408773;0,174096593
0,048964401;0,175929189
0,049520863;0,177761784
0,050078125;0,17959438
0,050636275;0,181426976
0,051195219;0,183259571
0,051754982;0,185092167
0,052315563;0,186924763
0,052876958;0,188757359
0,053439162;0,190589954
0,054002174;0,19242255
0,05456599;0,194255146
0,055130607;0,196087741
0,05569602;0,197920337
0,056262229;0,199752933
0,056829228;0,201585529
0,057397014;0,203418124
0,057965586;0,20525072
0,058534939;0,207083316
0,059105071;0,208915911
0,059675977;0,210748507
0,060247656;0,212581103
0,060820104;0,214413699
0,061393318;0,216246294
0,061967295;0,21807889
0,062542032;0,219911486
0,063117526;0,221744081
0,063693774;0,223576677
0,064270773;0,225409273
0,064848519;0,227241869
0,065427011;0,229074464
0,066006245;0,23090706
0,066586217;0,232739656
0,067166927;0,234572251
0,067748369;0,236404847
0,068330542;0,238237443
0,068913442;0,24006958
0,069497067;0,241902634
0,070081329;0,24373523
0,07066648;0,245567826
0,071252262;0,247400421
0,071838757;0,249233017
0,072425963;0,251065613
0,073013877;0,252898209
0,073602496;0,254730804
0,074191817;0,2565634
0,074781838;0,258395996
0,075372556;0,260228591
0,075963968;0,262061187
0,076556071;0,263893783
0,077148864;0,265726379
0,077742342;0,267558974
0,078336504;0,26939157
0,078931346;0,271224166
0,079526867;0,273056761
0,080123064;0,274889357
0,080719933;0,276721953
0,081317473;0,278554549
0,081915681;0,280387144
0,082514554;0,28221974
0,083114089;0,284052336
0,083714285;0,285884931
0,084315138;0,287717527
0,084916647;0,289550123
0,085518808;0,291382719
0,086121619;0,293215314
0,086725078;0,29504791
0,087329182;0,296880506
0,087933929;0,298713101
0,088539316;0,300545697
0,089145341;0,302378293
0,089752002;0,304210889
0,090359295;0,306043484
0,090967219;0,30787608
0,091575771;0,309708676
0,092184949;0,311541271
0,092794751;0,313373867
0,093405174;0,315206463
0,094016215;0,317039059
0,094627873;0,318871654
0,095240145;0,32070425
0,095853029;0,322536846
0,096466523;0,324369441
0,097080624;0,326202037
0,097695329;0,328034633
0,098310638;0,329867229
0,098926547;0,331699824
0,099543054;0,33353242
0,100160157;0,335365016
0,100777854;0,337197611
0,101396143;0,339030207
0,102015021;0,340862803
0,102634486;0,342695399
0,103254536;0,344527994
0,103875168;0,34636059
0,104496382;0,348193186
0,105118174;0,350025635
0,105740542;0,351858377
0,106363484;0,353690973
0,106986999;0,355523569
0,107611083;0,357356164
0,108235736;0,35918876
0,108860954;0,361021356
0,109486736;0,362853951
0,110113079;0,364686547
0,110739983;0,366519143
0,111367443;0,368351739
0,111995459;0,370184334
0,112624029;0,37201693
0,11325315;0,373849526
0,11388282;0,375682121
0,114513038;0,377514717
0,115143801;0,379347313
0,115775107;0,381179909
0,116406955;0,383012504
0,117039342;0,3848451
0,117672267;0,386677696
0,118305728;0,388510291
0,118939721;0,390342887
0,119574247;0,392175483
0,120209302;0,394008079
0,120844885;0,395840674
0,121480994;0,39767327
0,122117627;0,399505866
0,122754782;0,401338461
0,123392457;0,403171057
0,124030651;0,405003653
0,124669361;0,406836249
0,125308585;0,408668844
0,125948323;0,41050144
0,126588571;0,412334036
0,127229328;0,414166631
0,127870593;0,415999227
0,128512363;0,417831823
0,129154636;0,419664419
0,129797412;0,421497014
0,130440687;0,42332961
0,131084461;0,425162206
0,131728731;0,426994801
0,132373496;0,428827397
0,133018754;0,430659993
0,133664503;0,432492589
0,134310741;0,434325184
0,134957467;0,43615778
0,135604679;0,437990376
0,136252375;0,439822972
0,136900554;0,441655567
0,137549213;0,443488163
0,138198352;0,445320759
0,138847968;0,447153354
0,139498059;0,44898595
0,140148625;0,450818546
0,140799663;0,452651142
0,141451172;0,454483737
0,14210315;0,456316333
0,142755595;0,458148929
0,143408506;0,459981524
0,144061881;0,46181412
0,144715718;0,463646716
0,145370017;0,465479312
0,146024774;0,467311907
0,146679989;0,469144503
0,147335661;0,470977099
0,147991786;0,472809694
0,148648365;0,47464229
0,149305395;0,476474886
0,149962874;0,478307482
0,150620802;0,480140077
0,151279176;0,481972673
0,151937995;0,483805269
0,152597257;0,485637864
0,153256962;0,48747046
0,153917107;0,489303056
0,154577691;0,491135652
0,155238712;0,492968247
0,155900168;0,494800843
0,15656206;0,496633439
0,157224384;0,498466034
0,157887139;0,50029863
0,158550324;0,502131226
0,159213937;0,503963822
0,159877978;0,505796417
0,160542443;0,507629013
0,161207333;0,509461609
0,161872645;0,511294204
0,162538378;0,5131268
0,163204531;0,514959396
0,163871102;0,516791992
0,164538089;0,518624587
0,165205492;0,520457183
0,165873308;0,522289779
0,166541537;0,524122374
0,167210177;0,52595497
0,167879227;0,527787566
0,168548684;0,529620162
0,169218549;0,531452757
0,169888819;0,533285353
0,170559493;0,535117949
0,17123057;0,536950544
0,171902047;0,53878314
0,172573925;0,540615736
0,173246202;0,542448332
0,173918875;0,544280927
0,174591945;0,546113523
0,175265409;0,547946119
0,175939266;0,549778714
0,176613515;0,55161131
0,177288155;0,553443906
0,177963184;0,555276502
0,178638601;0,557109097
0,179314404;0,558941693
0,179990592;0,560774289
0,180667165;0,562606884
0,18134412;0,56443948
0,182021457;0,566272076
0,182699173;0,568104672
0,183377269;0,569937267
0,184055742;0,571769863
0,184734591;0,573602459
0,185413816;0,575435054
0,186093414;0,57726765
0,186773385;0,579100246
0,187453727;0,580932842
0,188134439;0,582765437
0,188815519;0,584598033
0,189496968;0,586430629
0,190178782;0,588263224
0,190860962;0,590095215
0,191543506;0,591928416
0,192226412;0,593761012
0,192909679;0,595593607
0,193593307;0,597426203
0,194277294;0,599258799
0,194961639;0,601091394
0,195646341;0,60292399
0,196331398;0,604756586
0,197016809;0,606589182
0,197702574;0,608421777
0,19838869;0,610254373
0,199075157;0,612086969
0,199761974;0,613919564
0,200449139;0,61575216
0,201136652;0,617584756
0,20182451;0,619417352
0,202512714;0,621249947
0,203201262;0,623082543
0,203890152;0,624915139
0,204579384;0,626747734
0,205268957;0,62858033
0,205958869;0,630412926
0,206649119;0,632245522
0,207339706;0,634078117
0,208030629;0,635910713
0,208721887;0,637743309
0,209413479;0,639575904
0,210105404;0,6414085
0,210797661;0,643241096
0,211490248;0,645073692
0,212183164;0,646906287
0,212876409;0,648738883
0,213569981;0,650571479
0,214263879;0,652404074
0,214958103;0,65423667
0,21565265;0,656069266
0,216347521;0,657901862
0,217042714;0,659734457
0,217738227;0,661567053
0,218434061;0,663399649
0,219130213;0,665232244
0,219826683;0,66706484
0,22052347;0,668897436
0,221220573;0,670730032
0,22191799;0,672562627
0,222615722;0,674395223
0,223313765;0,676227819
0,224012121;0,678060414
0,224710787;0,67989301
0,225409763;0,681725606
0,226109047;0,683558202
0,226808639;0,685390797
0,227508538;0,687223393
0,228208742;0,689055989
0,228909251;0,690888584
0,229610064;0,69272118
0,230311179;0,694553776
0,231012597;0,696386372
0,231714314;0,698218967
0,232416332;0,70005127
0,233118649;0,701884159
0,233821263;0,703716754
0,234524174;0,70554935
0,235227381;0,707381946
0,235930883;0,709214542
0,236634679;0,711047137
0,237338768;0,712879733
0,23804315;0,714712329
0,238747822;0,716544924
0,239452785;0,71837752
0,240158037;0,720210116
0,240863577;0,722042712
0,241569405;0,723875307
0,24227552;0,725707903
0,24298192;0,727540499
0,243688605;0,729373094
0,244395574;0,73120569
0,245102825;0,733038286
0,245810359;0,734870882
0,246518173;0,736703477
0,247226268;0,738536073
0,247934642;0,740368669
0,248643295;0,742201264
0,249352225;0,74403386
0,250061035;0,745866456
0,250770914;0,747699052
0,251480672;0,749531647
0,252190703;0,751364243
0,252901007;0,753196839
0,253611584;0,755029434
0,254322432;0,75686203
0,255033551;0,758694626
0,255744939;0,760527222
0,256456596;0,762359817
0,257168521;0,764192413
0,257880713;0,766025009
0,258593171;0,767857604
0,259305895;0,7696902
0,260018311;0,771522796
0,260732135;0,773355392
0,26144565;0,775187987
0,262159427;0,777020583
0,262873465;0,778853179
0,263587764;0,780685774
0,264302322;0,78251837
0,265017139;0,784350966
0,265732214;0,786183562
0,266447546;0,788016157
0,267163134;0,789848753
0,267878978;0,791681349
0,268595076;0,793513944
0,269311428;0,79534654
0,270027466;0,797179136
0,270744891;0,799011732
0,271462;0,800844327
0,27217936;0,802676923
0,27289697;0,804509519
0,273614829;0,806342114
0,274332936;0,80817471
0,27505129;0,810004883
0,275769892;0,811839902
0,276488739;0,813672497
0,277207832;0,815505093
0,277927169;0,817337689
0,27864675;0,819170284
0,279366573;0,82100288
0,28008606;0,822835476
0,280806946;0,824668072
0,281527494;0,826500667
0,282248281;0,828333263
0,282969308;0,830165859
0,283690573;0,831998454
0,284412076;0,83383105
0,285133815;0,835663646
0,285855791;0,837496242
0,286578002;0,839328837
0,287300448;0,841161433
0,288023127;0,842994029
0,28874604;0,844826624
0,289469185;0,84665922
0,290192562;0,848491816
0,29091617;0,850324412
0,291640008;0,852157007
0,292364076;0,853989603
0,293088373;0,855822199
0,293812897;0,857654794
0,294537649;0,85948739
0,295262628;0,861319986
0,295987833;0,863152582
0,296713263;0,864985177
0,297438917;0,866817773
0,298164796;0,868650369
0,298890897;0,870482964
0,299617221;0,87231556
0,300343767;0,874148156
0,301070534;0,875980752
0,301797521;0,877813347
0,302524728;0,879645943
0,303252154;0,881478539
0,303979799;0,883311134
0,304707661;0,88514373
0,30543574;0,886976326
0,306164035;0,888808922
0,306892546;0,890641517
0,307621271;0,892474113
0,308350212;0,894306709
0,309079365;0,896139304
0,309808732;0,8979719
0,310538311;0,899804496
0,311268101;0,901637092
0,311998103;0,903469687
0,312728315;0,905302283
0,313458736;0,907134879
0,314189367;0,908967474
0,314920205;0,91080007
0,315651252;0,912632666
0,316382505;0,914465262
0,317113965;0,916297857
0,317845631;0,918130453
0,318577502;0,919963049
0,319309577;0,921795644
0,320041504;0,92362824
0,320774339;0,925460836
0,321507024;0,927293432
0,322239911;0,929126027
0,322972999;0,930958623
0,323706288;0,932791219
0,324439777;0,934623814
0,325173465;0,93645641
0,325907353;0,938289006
0,326641438;0,940121602
0,327375721;0,941954197
0,328110201;0,943786793
0,328844878;0,945619389
0,32957975;0,947451984
0,330314817;0,94928458
0,331050079;0,951117176
0,331785535;0,952949772
0,332521184;0,954782367
0,333257026;0,956614963
0,33399306;0,958447559
0,334729286;0,960280154
0,335465702;0,96211275
0,336202309;0,963945346
0,336939106;0,965777942
0,337676092;0,967610537
0,338413266;0,969443133
0,339150628;0,971275729
0,339888178;0,973108324
0,340625915;0,97494092
0,341363838;0,976773516
0,342101946;0,978606112
0,34284024;0,980438707
0,343578718;0,982271303
0,34431738;0,984103899
0,345056225;0,985936494
0,345795254;0,98776909
0,346534464;0,989601686
0,347273856;0,991434282
0,348013429;0,993266877
0,348753183;0,995099473
0,349493117;0,996932069
0,35023323;0,998764664
0,350973522;1,00059726
0,351713992;1,002429856
0,35245464;1,004262452
0,353195466;1,006095047
0,353936468;1,007927643
0,354677646;1,009760239
0,355418999;1,011592834
0,356160528;1,01342543
0,356902231;1,015258026
0,357644107;1,017090622
0,358386158;1,018923217
0,359128381;1,020755813
0,359870776;1,022588409
0,360613343;1,024421004
0,361356082;1,0262536
0,362098991;1,028086196
0,36284207;1,029918791
0,363585319;1,031751387
0,364328736;1,033583983
0,365072323;1,035416579
0,365816077;1,037249174
0,366559999;1,03908177
0,367304088;1,040914366
0,368048344;1,042746961
0,368792765;1,044579557
0,369537352;1,046412153
0,370282104;1,048244749
0,37102702;1,050075684
0,3717721;1,05190994
0,372517343;1,053742536
0,37326275;1,055575131
0,374008318;1,057407727
0,374754049;1,059240323
0,375499941;1,061072919
0,376245993;1,062905514
0,376992206;1,06473811
0,377738579;1,066570706
0,378485111;1,068403301
0,379231802;1,070235897
0,379978652;1,072068493
0,380725659;1,073901089
0,381472823;1,075733684
0,382220145;1,07756628
0,382967623;1,079398876
0,383715256;1,081231471
0,384463045;1,083064067
0,385210989;1,084896663
0,385959087;1,086729259
0,38670734;1,088561854
0,387455745;1,09039445
0,388204304;1,092227046
0,388953015;1,094059641
0,389701878;1,095892237
0,390450893;1,097724833
0,391200058;1,099557429
0,391949375;1,101390024
0,392698841;1,10322262
0,393448457;1,105055216
0,394198222;1,106887811
0,394948136;1,108720407
0,395698198;1,110553003
0,396448407;1,112385599
0,397198764;1,114218194
0,397949268;1,11605079
0,398699918;1,117883386
0,399450714;1,119715981
0,400201656;1,121548577
0,400952742;1,123381173
0,401703973;1,125213769
0,402455348;1,127046364
0,403206867;1,12887896
0,403958528;1,130711556
0,404710333;1,132544151
0,405462279;1,134376747
0,406214368;1,136209343
0,406966597;1,138041939
0,407718968;1,139874534
0,408471479;1,14170713
0,40922413;1,143539726
0,409976921;1,145372321
0,41072985;1,147204917
0,411482919;1,149037513
0,412236125;1,150870109
0,412989469;1,152702704
0,413742951;1,1545353
0,41449657;1,156367896
0,415250325;1,158200491
0,416004216;1,160031738
0,416758242;1,161865683
0,417512404;1,163698278
0,4182667;1,165530874
0,419021131;1,16736347
0,419775696;1,169196066
0,420530394;1,171028661
0,421285225;1,172861257
0,422040189;1,174693853
0,422795284;1,176526448
0,423550512;1,178359044
0,424305871;1,18019164
0,425061361;1,182024236
0,425816981;1,183856831
0,426572731;1,185689427
0,427328611;1,187522023
0,42808462;1,189354618
0,428840758;1,191187214
0,429597024;1,19301981
0,430353418;1,194852406
0,43110994;1,196685001
0,431866589;1,198517597
0,432623364;1,200350193
0,433380266;1,202182788
0,434137294;1,204015384
0,434894448;1,20584798
0,435651726;1,207680576
0,436409129;1,209513171
0,437166656;1,211345767
0,437924308;1,213178363
0,438682082;1,215010958
0,43943998;1,216843554
0,440198001;1,21867615
0,440956143;1,220508745
0,441714408;1,222341341
0,442472794;1,224173937
0,443231301;1,226006533
0,443989929;1,227839128
0,444748677;1,229671724
0,445507545;1,23150432
0,446266532;1,233336915
0,447025639;1,235169511
0,447784864;1,237002107
0,448544208;1,238834703
0,449303669;1,240667298
0,450062256;1,242499894
0,450822945;1,24433249
0,451582758;1,246165085
0,452342687;1,247997681
0,453102733;1,249830277
0,453862894;1,251662872
0,45462317;1,253495468
0,455383561;1,255328064
0,456144067;1,25716066
0,456904686;1,258993255
0,45766542;1,260825851
0,458426266;1,262658447
0,459187226;1,264491042
0,459948298;1,266323638
0,460709483;1,268156234
0,461470779;1,269988829
0,462232187;1,271821425
0,462993706;1,273654021
0,463755335;1,275486617
0,464517075;1,277319212
0,465278925;1,279151808
0,466040885;1,280984404
0,466802953;1,282816999
0,467565131;1,284649595
0,468327417;1,286482191
0,469089811;1,288314786
0,469852313;1,290147382
0,470614923;1,291979978
0,471377639;1,293812574
0,472140463;1,295645169
0,472903392;1,297477765
0,473666427;1,299310361
0,474429569;1,301142956
0,475192815;1,302975552
0,475956166;1,304808148
0,476719622;1,306640743
0,477483182;1,308473339
0,478246845;1,310305935
0,479010612;1,31213853
0,479774483;1,313971126
0,480538456;1,315803722
0,481302531;1,317636318
0,482066709;1,319468913
0,482830988;1,321301509
0,483595368;1,323134105
0,48435985;1,3249667
0,485124432;1,326799296
0,485889115;1,328631892
0,486653897;1,330464487
0,487418779;1,332297083
0,488183761;1,334129679
0,488948841;1,335962274
0,48971402;1,33779487
0,490479297;1,339627466
0,491244672;1,341460061
0,492010144;1,343292657
0,492775714;1,345125253
0,493541381;1,346957848
0,494307144;1,348790444
0,495073003;1,35062304
0,495838958;1,352455635
0,496605009;1,354288231
0,497371155;1,356120827
0,498137396;1,357953422
0,498903731;1,359786018
0,49967016;1,361618614
0,500436683;1,363451209
0,5012033;1,365283805
0,50197001;1,367116401
0,502736813;1,368948996
0,503503708;1,370781592
0,504270696;1,372614188
0,505037775;1,374446783
0,505804946;1,376279379
0,506572208;1,378111974
0,507339561;1,37994457
0,508107005;1,381777166
0,508874539;1,383609761
0,509642162;1,385442357
0,510409876;1,387274953
0,511177678;1,389107548
0,51194557;1,390940144
0,51271355;1,392772739
0,513481618;1,394605335
0,514249774;1,396437931
0,515018018;1,398270526
0,515786349;1,400103122
0,516554768;1,401935717
0,517323272;1,403768313
0,518091864;1,405600908
0,518860541;1,407433504
0,519629304;1,4092661
0,520398153;1,411098695
0,521167086;1,412931291
0,521936105;1,414763886
0,522705208;1,416596482
0,523474395;1,418429077
0,524243666;1,420261673
0,52501302;1,422094268
0,525782458;1,423926864
0,526551978;1,425759459
0,527321581;1,427592055
0,528091267;1,42942465
0,528861034;1,431257245
0,529630884;1,433089841
0,530400814;1,434922436
0,531170826;1,436755032
0,531940918;1,438587627
0,532711091;1,440420222
0,533481344;1,442252818
0,534251676;1,444085413
0,535022089;1,445918008
0,53579258;1,447750603
0,536563151;1,449583198
0,5373338;1,451415794
0,538104527;1,453248389
0,538875333;1,455080984
0,539646216;1,456913579
0,540417177;1,458746174
0,541188214;1,460578769
0,541959329;1,462411364
0,54273052;1,464243959
0,543501787;1,466076554
0,54427313;1,467909148
0,545044549;1,469741743
0,545816044;1,471574338
0,546587613;1,473406932
0,547359257;1,475239527
0,548130975;1,477072121
0,548902768;1,478904715
0,549674634;1,480737309
0,550446575;1,482569903
0,551218588;1,484402497
0,551990674;1,486235091
0,552762833;1,488067684
0,553535065;1,489900277
0,554307368;1,49173287
0,555079744;1,493565463
0,555852191;1,495398056
0,556624709;1,497230648
0,557397298;1,49906324
0,558169958;1,500895831
0,558942688;1,502728422
0,559715488;1,504561012
0,560488358;1,506393602
0,561261298;1,508226273
0,562034307;1,510058594
0,562807385;1,511891465
0,563580531;1,51372406
0,564353746;1,515556656
0,565127029;1,517389252
0,56590038;1,519221847
0,566673798;1,521054443
0,567447284;1,522887039
0,568220837;1,524719635
0,568994456;1,52655223
0,569768142;1,528384826
0,570541893;1,530217422
0,571315711;1,532050017
0,572089594;1,533882613
0,572863543;1,535715209
0,573637557;1,537547805
0,574411635;1,5393804
0,575185778;1,541212996
0,575959985;1,543045592
0,576734256;1,544878187
0,57750859;1,546710783
0,578282988;1,548543379
0,579057449;1,550375974
0,579831973;1,55220857
0,58060656;1,554041166
0,581381208;1,555873761
0,582155919;1,557706356
0,582930691;1,55953895
0,583705525;1,56137154
0,58448042;1,563204114
0,585255376;1,565036608
0,586030393;1,566868511
0,586805469;1,56870191
0,587580606;1,570527125
0,588355803;1,569224157
0,58913106;1,567392934
0,589906375;1,565560339
0,59068175;1,563727743
0,591457183;1,561895148
0,592232675;1,560058594
0,593008225;1,558229956
0,593783834;1,55639736
0,594559499;1,554564765
0,595335223;1,552732169
0,596111003;1,550899573
0,59688684;1,549066978
0,597662734;1,547234382
0,598438684;1,545401786
0,59921469;1,54356919
0,599990753;1,541736595
0,60076687;1,539903999
0,601543043;1,538071403
0,602319271;1,536238808
0,603095554;1,534406212
0,603871892;1,532573616
0,604648283;1,53074102
0,605424729;1,528908425
0,606201228;1,527075829
0,606977781;1,525243233
0,607754387;1,523410638
0,608531046;1,521578042
0,609307758;1,519745446
0,610084229;1,51791285
0,610861338;1,516080255
0,611638206;1,514247659
0,612415126;1,512415063
0,613192097;1,510582468
0,61396912;1,508749872
0,614746193;1,506917276
0,615523317;1,50508468
0,616300491;1,503252085
0,617077716;1,501419489
0,61785499;1,499586893
0,618632314;1,497754298
0,619409688;1,495921702
0,62018711;1,494089106
0,620964581;1,49225651
0,621742101;1,490423915
0,62251967;1,488591319
0,623297286;1,486758723
0,62407495;1,484926128
0,624852662;1,483093532
0,625630421;1,481260936
0,626408227;1,47942834
0,62718608;1,477595745
0,62796398;1,475763149
0,628741926;1,473930553
0,629519918;1,472097958
0,630297956;1,470265362
0,631076039;1,468432766
0,631854168;1,46660017
0,632632342;1,464767575
0,633410561;1,462934979
0,634188824;1,461102383
0,634967132;1,459269788
0,635745484;1,457437192
0,636523879;1,455604596
0,637302318;1,453772
0,638080801;1,451939405
0,638859327;1,450106809
0,639637895;1,448274213
0,640416506;1,446441618
0,64119516;1,444609022
0,641973855;1,442776426
0,642752593;1,44094383
0,643531372;1,439111235
0,644310193;1,437278639
0,645089054;1,435446043
0,645867957;1,433613448
0,6466469;1,431780852
0,647425884;1,429948256
0,648204908;1,42811566
0,648983971;1,426283065
0,649763075;1,424450469
0,650542218;1,422617873
0,6513214;1,420785278
0,652100621;1,418952682
0,652879881;1,417120086
0,653659179;1,41528749
0,654438516;1,413454895
0,65521789;1,411622299
0,655997302;1,409789703
0,656776752;1,407957108
0,657556239;1,406124512
0,658335763;1,404291916
0,659115324;1,40245932
0,659894921;1,400626725
0,660674555;1,398794129
0,661454225;1,396961533
0,66223393;1,395128938
0,663013672;1,393296342
0,663793448;1,391463746
0,66457326;1,38963115
0,665353107;1,387798555
0,666132988;1,385965959
0,666912904;1,384133363
0,667692854;1,382300768
0,668472837;1,380468172
0,669252855;1,378635576
0,670031738;1,37680298
0,67081299;1,374970385
0,671593107;1,373137789
0,672373257;1,371305193
0,67315344;1,369472598
0,673933654;1,367640002
0,674713901;1,365807406
0,67549418;1,36397481
0,67627449;1,362142215
0,677054832;1,360309619
0,677835204;1,358477023
0,678615608;1,356644428
0,679396042;1,354811832
0,680176507;1,352979236
0,680957002;1,35114664
0,681737526;1,349314045
0,682518081;1,347481449
0,683298665;1,345648853
0,684079278;1,343816258
0,68485992;1,341983662
0,685640591;1,340151066
0,686421291;1,33831847
0,687202019;1,336485875
0,687982775;1,334653279
0,688763559;1,332820683
0,68954437;1,330988088
0,690325209;1,329155492
0,691106075;1,327322896
0,691886968;1,3254903
0,692667888;1,323657705
0,693448834;1,321825109
0,694229807;1,319992513
0,695010805;1,318159918
0,69579183;1,316327322
0,696572879;1,314494726
0,697353954;1,31266213
0,698135055;1,310829535
0,69891618;1,308996939
0,69969733;1,307164343
0,700478504;1,305331748
0,701259702;1,303499152
0,702040924;1,301666556
0,70282217;1,29983396
0,70360344;1,298001365
0,704384733;1,296168769
0,705166049;1,294336173
0,705947387;1,292503578
0,706728749;1,290670982
0,707510132;1,288838386
0,708291538;1,28700579
0,709072966;1,285173195
0,709854415;1,283340599
0,710635886;1,281508003
0,711417378;1,279675408
0,712198891;1,277842812
0,712980425;1,276010216
0,713761979;1,27417762
0,714543554;1,272345025
0,715325149;1,270512429
0,716106763;1,268679833
0,716888398;1,266847238
0,717670051;1,265014642
0,718451724;1,263182046
0,719233416;1,26134945
0,720014648;1,259516855
0,720796856;1,257684259
0,721578603;1,255851663
0,722360369;1,254019068
0,723142152;1,252186472
0,723923953;1,250353876
0,724705772;1,24852128
0,725487607;1,246688685
0,72626946;1,244856089
0,727051329;1,243023493
0,727833215;1,241190898
0,728615117;1,239358302
0,729397035;1,237525706
0,730178969;1,23569311
0,730960918;1,233860515
0,731742883;1,232027919
0,732524863;1,230195323
0,733306858;1,228362728
0,734088868;1,226530132
0,734870892;1,224697536
0,73565293;1,22286494
0,736434983;1,221032345
0,737217049;1,219199749
0,737999129;1,217367153
0,738781222;1,215534558
0,739563329;1,213701962
0,740345448;1,211869366
0,74112758;1,210036621
0,741909725;1,208204175
0,742691881;1,206371579
0,74347405;1,204538983
0,744256231;1,202706388
0,745038423;1,200873792
0,745820627;1,199041196
0,746602842;1,1972086
0,747385067;1,195376005
0,748167304;1,193543409
0,748949551;1,191710813
0,749731808;1,189878218
0,750514075;1,188045622
0,751296352;1,186213026
0,752078639;1,18438043
0,752860935;1,182547835
0,75364324;1,180715239
0,754425555;1,178882643
0,755207878;1,177050048
0,755990209;1,175217452
0,756772549;1,173384856
0,757554896;1,17155226
0,758337252;1,169719665
0,759119615;1,167887069
0,759901986;1,166054473
0,760684363;1,164221878
0,761466748;1,162389282
0,762249139;1,160556686
0,763031537;1,15872409
0,763813942;1,156891495
0,764596352;1,155058899
0,765378768;1,153226303
0,76616119;1,151393708
0,766943617;1,149561112
0,767726049;1,147728516
0,768508487;1,14589592
0,769290929;1,144063325
0,770073242;1,142230729
0,770855826;1,140398133
0,771638281;1,138565538
0,77242074;1,136732942
0,773203203;1,134900346
0,773985669;1,13306775
0,774768138;1,131235155
0,77555061;1,129402559
0,776333085;1,127569963
0,777115563;1,125737368
0,777898042;1,123904772
0,778680524;1,122072176
0,779463008;1,12023958
0,780245494;1,118406985
0,781027981;1,116574389
0,781810469;1,114741793
0,782592958;1,112909198
0,783375448;1,111076602
0,784157938;1,109244006
0,784940429;1,10741141
0,78572292;1,105578815
0,786505411;1,103746219
0,787287902;1,101913623
0,788070392;1,100080566
0,788852881;1,098248432
0,789635369;1,096415836
0,790417857;1,09458324
0,791200342;1,092750645
0,791982826;1,090918049
0,792765309;1,089085453
0,793547789;1,087252858
0,794330267;1,085420262
0,795112742;1,083587666
0,795895215;1,08175507
0,796677684;1,079922475
0,797460151;1,078089879
0,798242614;1,076257283
0,799025074;1,074424688
0,799807529;1,072592092
0,800589981;1,070759496
0,801372428;1,0689269
0,802154871;1,067094305
0,802937309;1,065261709
0,803719743;1,063429113
0,804502171;1,061596518
0,805284593;1,059763922
0,806067011;1,057931326
0,806849422;1,05609873
0,807631827;1,054266135
0,808414226;1,052433539
0,809196619;1,050600943
0,809979005;1,048768348
0,810761384;1,046935752
0,811543755;1,045103156
0,81232612;1,04327056
0,813108477;1,041437965
0,813890826;1,039605369
0,814673167;1,037772773
0,8154555;1,035940178
0,816237824;1,034107582
0,81702014;1,032274986
0,817802446;1,03044239
0,818584744;1,028609795
0,819367032;1,026777199
0,820149311;1,024944603
0,82093158;1,023112008
0,821713839;1,021279412
0,822496088;1,019446816
0,823278326;1,01761422
0,824060553;1,015781625
0,82484277;1,013949029
0,825624976;1,012116433
0,82640717;1,010283838
0,827189353;1,008451242
0,827971523;1,006618646
0,828753682;1,00478605
0,829535829;1,002953455
0,830317963;1,001120859
0,831100085;0,999288263
0,831882193;0,997455668
0,832664289;0,995623072
0,833446371;0,993790476
0,83422844;0,99195788
0,835010495;0,990125285
0,835792535;0,988292689
0,836574562;0,986460093
0,837356574;0,984627498
0,838138572;0,982794902
0,838920554;0,980962306
0,839702522;0,97912971
0,840484474;0,977297115
0,84126641;0,975464519
0,842048331;0,973631923
0,842830236;0,971799328
0,843612124;0,969966732
0,844393997;0,968134136
0,845175852;0,96630154
0,84595769;0,964468945
0,846739512;0,962636349
0,847521316;0,960803753
0,848303102;0,958971158
0,849084871;0,957138562
0,849866621;0,955305966
0,850648353;0,95347337
0,851430067;0,951640775
0,852211762;0,949808179
0,852993438;0,947975583
0,853775095;0,946142988
0,854556733;0,944310392
0,855338351;0,942477796
0,856119949;0,9406452
0,856901527;0,938812605
0,857683085;0,936980009
0,858464623;0,935147413
0,859246139;0,933314818
0,860026855;0,931482222
0,860809109;0,929649626
0,861590562;0,92781703
0,862371994;0,925984435
0,863153403;0,924151839
0,86393479;0,922319243
0,864716156;0,920486648
0,865497498;0,918654052
0,866278818;0,916821456
0,867060115;0,91498886
0,867841388;0,913156265
0,868622638;0,911323669
0,869403865;0,909491073
0,870185067;0,907658477
0,870966245;0,905825882
0,871747399;0,903993286
0,872528529;0,90216069
0,873309633;0,900328095
0,874090712;0,898495499
0,874871767;0,896662903
0,875652795;0,894830307
0,876433798;0,892997712
0,877214775;0,891165116
0,877995726;0,88933252
0,87877665;0,887499925
0,879557547;0,885667329
0,880338418;0,883834733
0,881119262;0,882002137
0,881900078;0,880169542
0,882680866;0,878336946
0,883461627;0,87650435
0,88424236;0,874671755
0,885023064;0,872839159
0,88580374;0,871006563
0,886584387;0,869173967
0,887365006;0,867341372
0,888145595;0,865508776
0,888926154;0,86367618
0,889706684;0,861843585
0,890487184;0,860009766
0,891267654;0,858178393
0,892048093;0,856345797
0,892828502;0,854513202
0,89360888;0,852680606
0,894389227;0,85084801
0,895169542;0,849015415
0,895949826;0,847182819
0,896730079;0,845350223
0,897510299;0,843517627
0,898290487;0,841685032
0,899070642;0,839852436
0,899850765;0,83801984
0,900630855;0,836187245
0,901410912;0,834354649
0,902190935;0,832522053
0,902970924;0,830689457
0,90375088;0,828856862
0,904530801;0,827024266
0,905310689;0,82519167
0,906090541;0,823359075
0,906870359;0,821526479
0,907650141;0,819693883
0,908429889;0,817861287
0,9092096;0,816028692
0,909989276;0,814196096
0,910768916;0,8123635
0,91154852;0,810530905
0,912328087;0,808698309
0,913107617;0,806865713
0,913887111;0,805033117
0,914666567;0,803200522
0,915445985;0,801367926
0,916225366;0,79953533
0,917004709;0,797702735
0,917784014;0,795870139
0,91856328;0,794037543
0,919342508;0,792204947
0,920121697;0,790372352
0,920900846;0,788539756
0,921679956;0,78670716
0,922459027;0,784874565
0,923238058;0,783041969
0,924017048;0,781209373
0,924795998;0,779376777
0,925574908;0,777544182
0,926353776;0,775711586
0,927132604;0,77387899
0,92791139;0,772046395
0,928690135;0,770213799
0,929468838;0,768381203
0,930247498;0,766548607
0,931026117;0,764716012
0,931804692;0,762883416
0,932583225;0,76105082
0,933361715;0,759218225
0,934140162;0,757385629
0,934918565;0,755553033
0,935696924;0,753720437
0,936475239;0,751887842
0,93725351;0,750053711
0,938031737;0,74822265
0,938809918;0,746390055
0,939588055;0,744557459
0,940366146;0,742724863
0,941144191;0,740892267
0,941922191;0,739059672
0,942700145;0,737227076
0,943478053;0,73539448
0,944255914;0,733561885
0,945033728;0,731729289
0,945811495;0,729896693
0,946589215;0,728064097
0,947366887;0,726231502
0,948144512;0,724398906
0,948922088;0,72256631
0,949699616;0,720733715
0,950477096;0,718901119
0,951254527;0,717068523
0,952031908;0,715235927
0,952809241;0,713403332
0,953586523;0,711570736
0,954363756;0,70973814
0,955140939;0,707905545
0,955918072;0,706072949
0,956695154;0,704240353
0,957472185;0,702407757
0,958249165;0,700575162
0,959026094;0,698742566
0,959802971;0,69690997
0,960579796;0,695077375
0,961356569;0,693244779
0,962133289;0,691412183
0,962909957;0,689579587
0,963686572;0,687746992
0,964463134;0,685914396
0,965239643;0,6840818
0,966016097;0,682249205
0,966792498;0,680416609
0,967568845;0,678584013
0,968345137;0,676751417
0,969121374;0,674918822
0,969897557;0,673086226
0,970673684;0,67125363
0,971449755;0,669421035
0,972225771;0,667588439
0,973001731;0,665755843
0,973777634;0,663923247
0,974553481;0,662090652
0,975329271;0,660258056
0,976105004;0,65842546
0,97688068;0,656592865
0,977656298;0,654760269
0,978431858;0,652927673
0,979207359;0,651095077
0,979982803;0,649262482
0,980758188;0,647429886
0,981533513;0,64559729
0,98230878;0,643764695
0,983083987;0,641932099
0,983859134;0,640097656
0,984634221;0,638266907
0,985409248;0,636434312
0,986184214;0,634601716
0,986959119;0,63276912
0,987733964;0,630936525
0,988508747;0,629103929
0,989283468;0,627271333
0,990056152;0,625438737
0,990832724;0,623606142
0,991607258;0,621773546
0,99238173;0,61994095
0,993156139;0,618108355
0,993930484;0,616275759
0,994704766;0,614443163
0,995478984;0,612610567
0,996253138;0,610777972
0,997027227;0,608945376
0,997801252;0,60711278
0,998575211;0,605280185
0,999349106;0,603447589
1,000122935;0,601614993
1,000896698;0,599782397
1,001670395;0,597949802
1,002444025;0,596117206
1,003217589;0,59428461
1,003991086;0,592452015
1,004764516;0,590619419
1,005537878;0,588786823
1,006311173;0,586954227
1,007084399;0,585121632
1,007857558;0,583289036
1,008630647;0,58145644
1,009403668;0,579623845
1,010176619;0,577791249
1,010949501;0,575958653
1,011722313;0,574126057
1,012495055;0,572293462
1,013267727;0,570460866
1,014040328;0,56862827
1,014812859;0,566795675
1,015585318;0,564963079
1,016357705;0,563130483
1,017130021;0,561297887
1,017902265;0,559465292
1,018674436;0,557632696
1,019446535;0,5558001
1,020218561;0,553967505
1,020990513;0,552134909
1,021762392;0,550302313
1,022534197;0,548469717
1,023305928;0,546637122
1,024077585;0,544804526
1,024849167;0,54297193
1,025620674;0,541139335
1,026392106;0,539306739
1,027163462;0,537474143
1,027934742;0,535641547
1,028705946;0,533808952
1,029477074;0,531976356
1,030248125;0,53014376
1,031019098;0,528311165
1,031789995;0,526478569
1,032560813;0,524645973
1,033331554;0,522813377
1,034102217;0,520980782
1,0348728;0,519148186
1,035643305;0,51731559
1,036413731;0,515482995
1,037184078;0,513650399
1,037954344;0,511817803
1,03872453;0,509985207
1,039494636;0,508152612
1,040264662;0,506320016
1,041034606;0,50448742
1,041804469;0,502654825
1,04257425;0,500822229
1,04334395;0,498989633
1,044113567;0,497157037
1,044883102;0,495324442
1,045652554;0,493491846
1,046421922;0,49165925
1,047191207;0,489826655
1,047960409;0,487994059
1,048729526;0,486161463
1,049498559;0,484328867
1,050267507;0,482496272
1,05103637;0,480663676
1,051805147;0,47883108
1,052573839;0,476998485
1,053342445;0,475165889
1,054110965;0,473333293
1,054879398;0,471500697
1,055647744;0,469668102
1,056416003;0,467835506
1,057184174;0,46600291
1,057952257;0,464170315
1,058720252;0,462337719
1,059488159;0,460505123
1,060255976;0,458672527
1,061023705;0,456839932
1,061791344;0,455007336
1,062558893;0,45317474
1,063326352;0,451342145
1,06409372;0,449509549
1,064860998;0,447676953
1,065628184;0,445844357
1,066395279;0,444011762
1,067162282;0,442179166
1,067929193;0,44034657
1,068696012;0,438513975
1,069462737;0,436681379
1,07022937;0,434848783
1,070995909;0,433016187
1,071762355;0,431183592
1,072528706;0,429350996
1,073294963;0,4275184
1,074061125;0,425685805
1,074827192;0,423853209
1,075593163;0,422020613
1,076359039;0,420188017
1,077124818;0,418355422
1,077890501;0,416522826
1,078656088;0,41469023
1,079421577;0,412857635
1,080186968;0,411025039
1,080952262;0,409192443
1,081717458;0,407359847
1,082482555;0,405527252
1,083247553;0,403694656
1,084012452;0,40186206
1,084777251;0,400029297
1,085541951;0,398196869
1,08630655;0,396364273
1,087071049;0,394531677
1,087835446;0,392699082
1,088599743;0,390866486
1,089363938;0,38903389
1,09012803;0,387201295
1,090892021;0,385368699
1,091655909;0,383536103
1,092419693;0,381703507
1,093183375;0,379870912
1,093946952;0,378038316
1,094710426;0,37620572
1,095473795;0,374373125
1,096237059;0,372540529
1,097000218;0,370707933
1,097763271;0,368875337
1,098526219;0,367042742
1,09928906;0,365210146
1,10005127;0,36337755
1,100814422;0,361544955
1,101576943;0,359712359
1,102339355;0,357879763
1,10310166;0,356047167
1,103863856;0,354214572
1,104625943;0,352381976
1,105387921;0,35054938
1,10614979;0,348716785
1,106911548;0,346884189
1,107673197;0,345051593
1,108434734;0,343218997
1,109196161;0,341386402
1,109957476;0,339553806
1,11071868;0,33772121
1,111479771;0,335888615
1,11224075;0,334056019
1,113001616;0,332223423
1,113762369;0,330390827
1,114523008;0,328558232
1,115283533;0,326725636
1,116043943;0,32489304
1,116804239;0,323060445
1,11756442;0,321227849
1,118324485;0,319395253
1,119084434;0,317562657
1,119844267;0,315730062
1,120603983;0,313897466
1,121363582;0,31206487
1,122123063;0,310232275
1,122882427;0,308399679
1,123641673;0,306567083
1,124400799;0,304734487
1,125159807;0,302901892
1,125918695;0,301069296
1,126677464;0,2992367
1,127436112;0,297404105
1,12819464;0,295571509
1,128953046;0,293738913
1,129711332;0,291906317
1,130469495;0,290073242
1,131227536;0,288241126
1,131985455;0,28640853
1,132743251;0,284575935
1,133500923;0,282743339
1,134258471;0,280910743
1,135015896;0,279078147
1,135773195;0,277245552
1,13653037;0,275412956
1,137287419;0,27358036
1,138044342;0,271747765
1,13880114;0,269915169
1,13955781;0,268082573
1,140314353;0,266249977
1,141070769;0,264417382
1,141827057;0,262584786
1,142583217;0,26075219
1,143339248;0,258919595
1,14409515;0,257086999
1,144850922;0,255254403
1,145606565;0,253421807
1,146362076;0,251589212
1,147117458;0,249756616
1,147872707;0,24792402
1,148627826;0,246091425
1,149382812;0,244258829
1,150137665;0,242426233
1,150892386;0,240593637
1,151646974;0,238761042
1,152401427;0,236928446
1,153155746;0,23509585
1,153909931;0,233263255
1,154663981;0,231430659
1,155417895;0,229598063
1,156171673;0,227765467
1,156925315;0,225932872
1,15767882;0,224100276
1,158432187;0,22226768
1,159185417;0,220435085
1,159938509;0,218602489
1,160691462;0,216769893
1,161444277;0,214937297
1,162196951;0,213104702
1,162949486;0,211272106
1,163701881;0,20943951
1,164454134;0,207606915
1,165206247;0,205774319
1,165958217;0,203941723
1,166710046;0,202109127
1,167461732;0,200276532
1,168213275;0,198443936
1,168964674;0,19661134
1,16971593;0,194778745
1,170467041;0,192946149
1,171218007;0,191113553
1,171968828;0,189280957
1,172719503;0,187448362
1,173470031;0,185615766
1,174220413;0,18378317
1,174970648;0,181950575
1,175720735;0,180117979
1,176470674;0,178285383
1,177220465;0,176452787
1,177970106;0,174620192
1,178719598;0,172787596
1,179468939;0,170955
1,180218131;0,169122405
1,180967171;0,167289809
1,18171606;0,165457213
1,182464797;0,163624617
1,183213381;0,161792022
1,183961813;0,159959426
1,184710091;0,15812683
1,185458216;0,156294235
1,186206186;0,154461639
1,186954001;0,152629043
1,187701661;0,150796447
1,188449166;0,148963852
1,189196514;0,147131256
1,189943705;0,14529866
1,190690739;0,143466065
1,191437615;0,141633469
1,192184333;0,139800873
1,192930892;0,137968277
1,193677292;0,136135682
1,194423532;0,134303086
1,195169612;0,13247049
1,195915532;0,130637895
1,19666129;0,128805299
1,197406886;0,126972703
1,19815232;0,125140107
1,198897591;0,123307512
1,199642699;0,121474916
1,200387643;0,11964232
1,201132422;0,117809725
1,201877037;0,115977129
1,202621487;0,114144533
1,203365771;0,112311937
1,204109888;0,110479342
1,204853838;0,108646746
1,205597621;0,10681415
1,206341236;0,104981555
1,207084683;0,103148959
1,20782796;0,101316363
1,208571068;0,099483767
1,209314006;0,097651172
1,210056152;0,095818576
1,21079937;0,09398598
1,211541795;0,092153385
1,212284047;0,090320789
1,213026127;0,088488193
1,213768033;0,086655597
1,214509766;0,084823002
1,215251324;0,082990406
1,215992707;0,08115781
1,216733915;0,079325215
1,217474947;0,077492619
1,218215802;0,075660023
1,21895648;0,073827427
1,219696981;0,071994832
1,220437303;0,070162236
1,221177447;0,06832964
1,221917411;0,066497045
1,222657196;0,064664449
1,223396799;0,062831853
1,224136222;0,060999257
1,224875464;0,059166662
1,225614523;0,057334066
1,2263534;0,05550147
1,227092093;0,053668874
1,227830602;0,051836279
1,228568927;0,050003662
1,229307067;0,048171087
1,230043945;0,046338492
1,23078279;0,044505896
1,231520372;0,0426733
1,232257766;0,040840704
1,232994972;0,039008109
1,23373199;0,037175513
1,234468819;0,035342917
1,235205458;0,033510322
1,235941907;0,031677726
1,236678165;0,02984513
1,237414232;0,028012534
1,238150106;0,026179939
1,238885788;0,024347343
1,239621277;0,022514747
1,240356572;0,020682152
1,241091672;0,018849556
1,241826578;0,01701696
1,242561288;0,015184364
1,243295801;0,013351769
1,244030118;0,011519173
1,244764237;0,009686577
1,245498158;0,007853982
1,24623188;0,006021386
1,246965403;0,00418879
1,247698726;0,002356194
1,248431848;0,000523599
1,24916477;-0,001308997
1,249897489;-0,003141593
1,250630006;-0,004974188
1,25136232;-0,006806784
1,25209443;-0,00863938
1,252826335;-0,010471976
1,253558036;-0,012304571
1,254289531;-0,014137167
1,255020819;-0,015969763
1,255751901;-0,017802358
1,256482775;-0,019634954
1,257213441;-0,02146755
1,257943898;-0,023300146
1,258674146;-0,025132741
1,259404183;-0,026965337
1,260134009;-0,028797933
1,260863624;-0,030630528
1,261593027;-0,032463124
1,262322217;-0,03429572
1,263051194;-0,036128316
1,263779956;-0,037960911
1,264508503;-0,039793507
1,265236835;-0,041626103
1,265964951;-0,043458698
1,26669285;-0,045291294
1,267420531;-0,04712389
1,268147994;-0,048956486
1,268875239;-0,050789081
1,269602263;-0,052621677
1,270329068;-0,054454273
1,271055651;-0,056286868
1,271782013;-0,058119464
1,272508152;-0,05995206
1,273234069;-0,061784656
1,273959761;-0,063617251
1,274685229;-0,065449847
1,275410473;-0,067282443
1,27613549;-0,069115038
1,27686028;-0,070947634
1,277584844;-0,07278023
1,278309179;-0,074612826
1,279033286;-0,076445421
1,279757163;-0,078278017
1,28048081;-0,080110613
1,281204226;-0,081943208
1,281927411;-0,083775804
1,282650363;-0,0856084
1,283373082;-0,087440996
1,284095568;-0,089273591
1,284817819;-0,091106187
1,285539835;-0,092938783
1,286261614;-0,094771378
1,286983157;-0,096603974
1,287704463;-0,09843657
1,28842553;-0,100269166
1,289146358;-0,102101761
1,289866947;-0,103934357
1,290587295;-0,105766953
1,291307402;-0,107599548
1,292027267;-0,109432144
1,292746889;-0,11126474
1,293466267;-0,113097336
1,294185401;-0,114929931
1,29490429;-0,116762527
1,295622934;-0,118595123
1,29634133;-0,120427718
1,29705948;-0,122260314
1,297777381;-0,12409291
1,298495033;-0,125925506
1,299212435;-0,127758101
1,299929587;-0,129590697
1,300646487;-0,131423293
1,301363135;-0,133255888
1,302079531;-0,135088484
1,302795672;-0,13692108
1,303511559;-0,138753676
1,304227191;-0,140586271
1,304942567;-0,142418867
1,305657685;-0,144251463
1,306372546;-0,146084058
1,307087148;-0,147916654
1,307801491;-0,14974925
1,308515573;-0,151581846
1,309229395;-0,153414441
1,309942954;-0,155247037
1,310656251;-0,157079633
1,311369284;-0,158912228
1,312082053;-0,160744824
1,312794557;-0,16257742
1,313506794;-0,164410016
1,314218764;-0,166242611
1,314930467;-0,168075207
1,315641901;-0,169907803
1,316353065;-0,171740398
1,31706396;-0,173572994
1,317774582;-0,17540559
1,318484933;-0,177238186
1,319195011;-0,179070781
1,319904815;-0,180903377
1,320614344;-0,182735973
1,321323598;-0,184568568
1,322032575;-0,186401164
1,322741275;-0,18823376
1,323449696;-0,190065918
1,324157839;-0,191898951
1,324865701;-0,193731547
1,325573282;-0,195564143
1,326280582;-0,197396738
1,326987599;-0,199229334
1,327694332;-0,20106193
1,32840078;-0,202894526
1,329106944;-0,204727121
1,32981282;-0,206559717
1,33051841;-0,208392313
1,331223711;-0,210224908
1,331928723;-0,212057504
1,332633445;-0,2138901
1,333337876;-0,215722696
1,334042014;-0,217555291
1,33474586;-0,219387887
1,335449413;-0,221220483
1,33615267;-0,223053078
1,336855631;-0,224885674
1,337558296;-0,22671827
1,338260663;-0,228550866
1,338962732;-0,230383461
1,339664501;-0,232216057
1,340365969;-0,234048653
1,341067136;-0,235881248
1,341768;-0,237713844
1,342468561;-0,23954644
1,343168817;-0,241379036
1,343868768;-0,243211631
1,344568412;-0,245044227
1,345267749;-0,246876823
1,345966777;-0,248709418
1,346665496;-0,250542014
1,347363904;-0,25237461
1,348062001;-0,254207206
1,348759785;-0,256039801
1,349457256;-0,257872397
1,350154412;-0,259704993
1,350851253;-0,261537588
1,351547777;-0,263370184
1,352243984;-0,26520278
1,352939871;-0,267035376
1,353635439;-0,268867971
1,354330687;-0,270700567
1,355025612;-0,272533163
1,355720215;-0,274365758
1,356414493;-0,276198354
1,357108447;-0,27803095
1,357802075;-0,279863546
1,358495375;-0,281696141
1,359188347;-0,283528737
1,35988099;-0,285361333
1,360573303;-0,287193928
1,361265284;-0,289026524
1,361956933;-0,29085912
1,362648248;-0,292691716
1,363339228;-0,294524311
1,364029873;-0,296356907
1,36472018;-0,298189503
1,365410149;-0,300021973
1,36609978;-0,301854694
1,36678907;-0,30368729
1,367478018;-0,305519886
1,368166624;-0,307352481
1,368854886;-0,309185077
1,369542804;-0,311017673
1,370230375;-0,312850268
1,3709176;-0,314682864
1,371604476;-0,31651546
1,372291003;-0,318348056
1,372977179;-0,320180651
1,373663003;-0,322013247
1,374348474;-0,323845843
1,375033592;-0,325678438
1,375718354;-0,327511034
1,376402759;-0,32934363
1,377086807;-0,331176226
1,377770496;-0,333008821
1,378453825;-0,334841417
1,379136793;-0,336674013
1,379819398;-0,338506608
1,38050164;-0,340339204
1,381183517;-0,3421718
1,381865027;-0,344004396
1,38254617;-0,345836991
1,383226945;-0,347669587
1,38390735;-0,349502183
1,384587384;-0,351334778
1,385267046;-0,353167374
1,385946334;-0,35499997
1,386625247;-0,356832566
1,387303784;-0,358665161
1,387981944;-0,360497757
1,388659725;-0,362330353
1,389337126;-0,364162948
1,390009766;-0,365995544
1,390690784;-0,36782814
1,391367038;-0,369660736
1,392042907;-0,371493331
1,392718389;-0,373325927
1,393393484;-0,375158523
1,39406819;-0,376991118
1,394742505;-0,378823714
1,395416429;-0,38065631
1,39608996;-0,382488906
1,396763097;-0,384321501
1,397435838;-0,386154097
1,398108182;-0,387986693
1,398780128;-0,389819288
1,399451674;-0,391651884
1,400122819;-0,39348448
1,400793561;-0,395317076
1,4014639;-0,397149671
1,402133834;-0,398982267
1,40280336;-0,400814863
1,403472479;-0,402647458
1,404141189;-0,404480054
1,404809488;-0,40631265
1,405477375;-0,408145246
1,406144848;-0,409977841
1,406811906;-0,411810437
1,407478548;-0,413643033
1,408144771;-0,415475628
1,408810576;-0,417308224
1,40947596;-0,41914082
1,410140921;-0,420973416
1,410805459;-0,422806011
1,411469572;-0,424638607
1,412133258;-0,426471203
1,412796516;-0,428303798
1,413459344;-0,430136394
1,414121741;-0,43196899
1,414783706;-0,433801586
1,415445237;-0,435634181
1,416106332;-0,437466777
1,41676699;-0,439299373
1,41742721;-0,441131968
1,418086989;-0,442964564
1,418746327;-0,44479716
1,419405222;-0,446629756
1,420063477;-0,448462351
1,420721675;-0,450294947
1,421379231;-0,452127543
1,422036337;-0,453960138
1,422692993;-0,455792734
1,423349195;-0,45762533
1,424004944;-0,459457926
1,424660237;-0,461290521
1,425315072;-0,463123117
1,425969449;-0,464955713
1,426623365;-0,466788308
1,427276818;-0,468620904
1,427929808;-0,4704535
1,428582333;-0,472286096
1,42923439;-0,474118691
1,429885979;-0,475951287
1,430537097;-0,477783883
1,431187743;-0,479616478
1,431837915;-0,481449074
1,432487612;-0,48328167
1,433136832;-0,485114266
1,433785573;-0,486946861
1,434433833;-0,488779457
1,435081612;-0,490612053
1,435728906;-0,492444648
1,436375715;-0,494277244
1,437022036;-0,49610984
1,437667868;-0,497942436
1,43831321;-0,499775031
1,438958058;-0,501607627
1,439602413;-0,503440223
1,440246271;-0,505272818
1,440889631;-0,507105414
1,441532492;-0,50893801
1,442174851;-0,510770606
1,442816706;-0,512603201
1,443458057;-0,514435797
1,4440989;-0,516268393
1,444739235;-0,518100988
1,44537906;-0,519933584
1,446018371;-0,52176618
1,446657169;-0,523598776
