S 235;;
Deplacement (mm);Force (N);
0;16.00;0
0;0.00;
0;16.00;
0;0.00;
0;16.00;
0;0.00;
0;16.00;
0;0.00;
0;16.00;
0;0.00;
0;16.00;
0;0.00;
0;16.00;
0;0.00;
0;16.00;
0;0.00;
0;16.00;
0;0.00;
0;16.00;
0;0.00;
0;16.00;
0;0.00;
0;16.00;
0;0.00;
0;16.00;
0;0.00;
0;16.00;
0;0.00;
0;16.00;
0;0.00;
0;16.00;
0;0.00;
0;16.00;
0;0.00;
0;16.00;
0;0.00;
0;16.00;
0;0.00;
0;16.00;
0;0.00;
0;16.00;
0;0.00;
0;16.00;
0;0.00;
0;16.00;
0;0.00;
0;16.00;
0;0.00;
0;16.00;
0;0.00;
0;16.00;
0;0.00;
0;16.00;
0;0.00;
0;16.00;
0;0.00;
0;16.00;
0;16.00;
0;79.98;
0;127.96;
0;111.97;
0;111.97;
0.00280166435506241;47.99;
0.00513638465094776;95.97;
0.00513638465094776;111.97;
0.00513638465094776;95.97;
0.00513638465094776;111.97;
0.00793804900601017;95.97;
0.00793804900601017;111.97;
0.00793804900601017;111.97;
0.0102727693018956;95.97;
0.0102727693018956;111.97;
0.0102727693018956;111.97;
0.0130744336569579;95.97;
0.0130744336569579;127.96;
0.0130744336569579;143.96;
0.0130744336569579;159.95;
0.0158760980120203;143.96;
0.0182108183079057;143.96;
0.0182108183079057;159.95;
0.0182108183079057;207.94;
0.0182108183079057;191.94;
0.0182108183079057;207.94;
0.0182108183079057;191.94;
0.0182108183079057;223.94;
0.0182108183079057;239.93;
0.0182108183079057;255.93;
0.0182108183079057;255.93;
0.0182108183079057;271.92;
0.0182108183079057;287.92;
0.0182108183079057;335.9;
0.0182108183079057;447.87;
0.021012482662968;367.89;
0.021012482662968;495.86;
0.021012482662968;559.84;
0.021012482662968;703.8;
0.0238141470180306;623.82;
0.0238141470180306;767.78;
0.0238141470180306;847.75;
0.0238141470180306;911.74;
0.0238141470180306;1007.71;
0.0261488673139159;1071.69;
0.0261488673139159;1151.67;
0.0261488673139159;1215.65;
0.0261488673139159;1279.63;
0.0261488673139159;1343.61;
0.0261488673139159;1423.59;
0.0289505316689783;1487.57;
0.0289505316689783;1567.55;
0.0289505316689783;1631.53;
0.0289505316689783;1695.51;
0.0289505316689783;1743.5;
0.0289505316689783;1807.48;
0.0289505316689783;1855.46;
0.0289505316689783;1903.45;
0.0289505316689783;1999.42;
0.0312852519648636;1935.44;
0.0312852519648636;2031.41;
0.0312852519648636;2063.4;
0.0312852519648636;2079.4;
0.0312852519648636;2111.39;
0.0312852519648636;2111.39;
0.0312852519648636;2143.38;
0.0312852519648636;2159.38;
0.0312852519648636;2175.37;
0.0312852519648636;2191.37;
0.034086916319926;2143.38;
0.034086916319926;2159.38;
0.034086916319926;2175.37;
0.034086916319926;2191.37;
0.034086916319926;2207.36;
0.034086916319926;2223.36;
0.034086916319926;2239.35;
0.034086916319926;2255.35;
0.034086916319926;2287.34;
0.034086916319926;2319.33;
0.034086916319926;2351.32;
0.034086916319926;2367.32;
0.034086916319926;2415.3;
0.0368885806749884;2431.3;
0.0368885806749884;2463.29;
0.0368885806749884;2479.28;
0.0368885806749884;2511.27;
0.0368885806749884;2527.27;
0.0368885806749884;2559.26;
0.0368885806749884;2623.24;
0.0368885806749884;2687.22;
0.0392233009708738;2591.25;
0.0392233009708738;2655.23;
0.0392233009708738;2719.21;
0.0392233009708738;2751.2;
0.0392233009708738;2783.2;
0.0392233009708738;2815.19;
0.0420249653259363;2847.18;
0.0420249653259363;2879.17;
0.0420249653259363;2911.16;
0.0420249653259363;2959.14;
0.0420249653259363;2991.14;
0.0420249653259363;3039.12;
0.0420249653259363;3119.1;
0.0420249653259363;3183.08;
0.0443596856218215;3071.11;
0.0443596856218215;3151.09;
0.0443596856218215;3215.07;
0.0443596856218215;3263.06;
0.0443596856218215;3295.05;
0.0443596856218215;3359.03;
0.0443596856218215;3391.02;
0.0443596856218215;3439.01;
0.0443596856218215;3486.99;
0.0443596856218215;3534.98;
0.0471613499768839;3566.97;
0.0471613499768839;3630.95;
0.0471613499768839;3662.94;
0.0471613499768839;3710.93;
0.0471613499768839;3726.92;
0.0471613499768839;3774.91;
0.0471613499768839;3854.89;
0.0499630143319464;3790.9;
0.0499630143319464;3822.89;
0.0499630143319464;3822.89;
0.0499630143319464;3870.88;
0.0499630143319464;3886.88;
0.0499630143319464;3902.87;
0.0499630143319464;3934.86;
0.0499630143319464;3982.85;
0.0499630143319464;4014.84;
0.0499630143319464;4046.83;
0.0522977346278317;3950.86;
0.0522977346278317;4062.83;
0.0522977346278317;4094.82;
0.0522977346278317;4158.8;
0.0550993989828942;4126.81;
0.0550993989828942;4190.79;
0.0550993989828942;4222.78;
0.0550993989828942;4254.77;
0.0550993989828942;4286.76;
0.0550993989828942;4318.75;
0.0550993989828942;4350.74;
0.0550993989828942;4398.73;
0.0550993989828942;4462.71;
0.0550993989828942;4574.68;
0.0579010633379566;4366.74;
0.0579010633379566;4430.72;
0.0579010633379566;4494.7;
0.0579010633379566;4526.69;
0.0579010633379566;4542.69;
0.0579010633379566;4606.67;
0.0579010633379566;4638.66;
0.0579010633379566;4654.65;
0.0579010633379566;4702.64;
0.0579010633379566;4766.62;
0.0602357836338418;4734.63;
0.0602357836338418;4798.61;
0.0602357836338418;4830.6;
0.0602357836338418;4862.59;
0.0602357836338418;4910.58;
0.0602357836338418;4926.58;
0.0602357836338418;4958.57;
0.0602357836338418;5022.55;
0.0630374479889043;4990.56;
0.0630374479889043;5054.54;
0.0630374479889043;5086.53;
0.0630374479889043;5134.52;
0.0630374479889043;5182.5;
0.0630374479889043;5278.47;
0.0653721682847897;5230.49;
0.0653721682847897;5326.46;
0.0653721682847897;5390.44;
0.0653721682847897;5422.43;
0.0653721682847897;5486.41;
0.0653721682847897;5534.4;
0.0653721682847897;5582.39;
0.0653721682847897;5694.35;
0.0681738326398521;5630.37;
0.0681738326398521;5742.34;
0.0681738326398521;5806.32;
0.0681738326398521;5854.31;
0.0681738326398521;5918.29;
0.0681738326398521;5950.28;
0.0681738326398521;6014.26;
0.0681738326398521;6206.21;
0.0709754969949145;6046.25;
0.0709754969949145;6094.24;
0.0709754969949145;6142.22;
0.0709754969949145;6254.19;
0.0709754969949145;6302.18;
0.0709754969949145;6366.16;
0.0709754969949145;6414.15;
0.0709754969949145;6526.11;
0.0733102172907998;6462.13;
0.0733102172907998;6590.09;
0.0733102172907998;6654.08;
0.0733102172907998;6702.06;
0.0733102172907998;6766.04;
0.0733102172907998;6830.03;
0.0733102172907998;6894.01;
0.0733102172907998;6957.99;
0.0733102172907998;7021.97;
0.0761118816458622;7069.96;
0.0761118816458622;7133.94;
0.0761118816458622;7181.92;
0.0761118816458622;7245.91;
0.0784466019417476;7293.89;
0.0784466019417476;7357.87;
0.0784466019417476;7421.85;
0.0784466019417476;7485.84;
0.0784466019417476;7533.82;
0.0784466019417476;7597.8;
0.0784466019417476;7661.78;
0.0784466019417476;7709.77;
0.0784466019417476;7821.74;
0.0784466019417476;7869.72;
0.0784466019417476;7917.71;
0.08124826629681;7757.76;
0.08124826629681;7965.7;
0.08124826629681;8029.68;
0.08124826629681;8077.66;
0.08124826629681;8109.66;
0.08124826629681;8157.64;
0.08124826629681;8173.64;
0.08124826629681;8157.64;
0.0840499306518724;8157.64;
0.0840499306518724;8157.64;
0.0840499306518724;8157.64;
0.0840499306518724;8141.65;
0.0840499306518724;8141.65;
0.0840499306518724;8125.65;
0.0840499306518724;8109.66;
0.0863846509477577;8093.66;
0.0863846509477577;8077.66;
0.0863846509477577;8045.67;
0.0863846509477577;8029.68;
0.0863846509477577;7997.69;
0.0891863153028202;7965.7;
0.0891863153028202;7917.71;
0.0891863153028202;7885.72;
0.0891863153028202;7837.73;
0.0891863153028202;7805.74;
0.0891863153028202;7773.75;
0.0891863153028202;7757.76;
0.0891863153028202;7757.76;
0.0919879796578826;7757.76;
0.0919879796578826;7757.76;
0.0919879796578826;7757.76;
0.0919879796578826;7757.76;
0.0919879796578826;7773.75;
0.0943226999537679;7773.75;
0.0943226999537679;7789.75;
0.0943226999537679;7789.75;
0.0943226999537679;7805.74;
0.0943226999537679;7805.74;
0.0943226999537679;7821.74;
0.0971243643088305;7821.74;
0.0971243643088305;7837.73;
0.0971243643088305;7837.73;
0.0971243643088305;7837.73;
0.0971243643088305;7837.73;
0.0971243643088305;7837.73;
0.0971243643088305;7837.73;
0.0971243643088305;7853.73;
0.0971243643088305;7853.73;
0.0971243643088305;7869.72;
0.0971243643088305;7869.72;
0.0994590846047155;7869.72;
0.0994590846047155;7869.72;
0.0994590846047155;7885.72;
0.0994590846047155;7885.72;
0.0994590846047155;7885.72;
0.102260748959778;7885.72;
0.102260748959778;7885.72;
0.102260748959778;7901.72;
0.102260748959778;7901.72;
0.102260748959778;7901.72;
0.102260748959778;7917.71;
0.105062413314841;7917.71;
0.105062413314841;7917.71;
0.105062413314841;7917.71;
0.105062413314841;7917.71;
0.105062413314841;7901.72;
0.105062413314841;7917.71;
0.105062413314841;7917.71;
0.105062413314841;7917.71;
0.105062413314841;7917.71;
0.107397133610727;7933.71;
0.107397133610727;7933.71;
0.107397133610727;7933.71;
0.107397133610727;7949.7;
0.107397133610727;7949.7;
0.110198797965788;7949.7;
0.110198797965788;7949.7;
0.110198797965788;7949.7;
0.110198797965788;7949.7;
0.110198797965788;7949.7;
0.110198797965788;7949.7;
0.110198797965788;7949.7;
0.110198797965788;7949.7;
0.112533518261674;7949.7;
0.112533518261674;7933.71;
0.112533518261674;7933.71;
0.112533518261674;7917.71;
0.112533518261674;7917.71;
0.112533518261674;7901.72;
0.115335182616737;7901.72;
0.115335182616737;7901.72;
0.115335182616737;7901.72;
0.115335182616737;7901.72;
0.115335182616737;7917.71;
0.115335182616737;7917.71;
0.115335182616737;7917.71;
0.118136846971798;7917.71;
0.118136846971798;7917.71;
0.118136846971798;7917.71;
0.118136846971798;7933.71;
0.118136846971798;7933.71;
0.118136846971798;7949.7;
0.120471567267684;7949.7;
0.120471567267684;7949.7;
0.120471567267684;7933.71;
0.120471567267684;7933.71;
0.120471567267684;7933.71;
0.123273231622747;7933.71;
0.123273231622747;7933.71;
0.123273231622747;7933.71;
0.123273231622747;7933.71;
0.123273231622747;7933.71;
0.123273231622747;7949.7;
0.123273231622747;7949.7;
0.123273231622747;7949.7;
0.123273231622747;7949.7;
0.123273231622747;7949.7;
0.126074895977809;7949.7;
0.126074895977809;7933.71;
0.126074895977809;7949.7;
0.126074895977809;7949.7;
0.126074895977809;7949.7;
0.128409616273694;7949.7;
0.128409616273694;7965.7;
0.128409616273694;7965.7;
0.128409616273694;7981.69;
0.128409616273694;7981.69;
0.128409616273694;7981.69;
0.128409616273694;7981.69;
0.131211280628756;7981.69;
0.131211280628756;7981.69;
0.131211280628756;7981.69;
0.131211280628756;7981.69;
0.131211280628756;7981.69;
0.131211280628756;7981.69;
0.131211280628756;7981.69;
0.131211280628756;7981.69;
0.133546000924641;7981.69;
0.133546000924641;7981.69;
0.133546000924641;7981.69;
0.133546000924641;7981.69;
0.133546000924641;7981.69;
0.133546000924641;7981.69;
0.136347665279704;7981.69;
0.136347665279704;7981.69;
0.136347665279704;7981.69;
0.136347665279704;7997.69;
0.136347665279704;7997.69;
0.136347665279704;8013.68;
0.136347665279704;8029.68;
0.136347665279704;8045.67;
0.139149329634766;8061.67;
0.139149329634766;8061.67;
0.139149329634766;8093.66;
0.139149329634766;8109.66;
0.139149329634766;8125.65;
0.139149329634766;8141.65;
0.141484049930651;8125.65;
0.141484049930651;8141.65;
0.141484049930651;8157.64;
0.141484049930651;8157.64;
0.141484049930651;8173.64;
0.141484049930651;8157.64;
0.141484049930651;8173.64;
0.141484049930651;8173.64;
0.141484049930651;8189.63;
0.141484049930651;8189.63;
0.144285714285714;8205.63;
0.144285714285714;8205.63;
0.144285714285714;8221.62;
0.144285714285714;8221.62;
0.144285714285714;8221.62;
0.1466204345816;8221.62;
0.1466204345816;8237.62;
0.1466204345816;8237.62;
0.1466204345816;8253.61;
0.1466204345816;8253.61;
0.1466204345816;8269.61;
0.1466204345816;8269.61;
0.1466204345816;8285.6;
0.149422098936661;8269.61;
0.149422098936661;8285.6;
0.149422098936661;8285.6;
0.149422098936661;8301.6;
0.152223763291724;8285.6;
0.152223763291724;8301.6;
0.152223763291724;8301.6;
0.152223763291724;8317.6;
0.152223763291724;8317.6;
0.152223763291724;8317.6;
0.152223763291724;8333.59;
0.152223763291724;8333.59;
0.152223763291724;8333.59;
0.15455848358761;8349.59;
0.15455848358761;8349.59;
0.15455848358761;8349.59;
0.15455848358761;8365.58;
0.15455848358761;8365.58;
0.15455848358761;8365.58;
0.157360147942671;8381.58;
0.157360147942671;8381.58;
0.157360147942671;8381.58;
0.157360147942671;8381.58;
0.157360147942671;8397.57;
0.157360147942671;8397.57;
0.157360147942671;8397.57;
0.157360147942671;8397.57;
0.160161812297735;8413.57;
0.160161812297735;8413.57;
0.160161812297735;8429.56;
0.160161812297735;8429.56;
0.160161812297735;8429.56;
0.160161812297735;8429.56;
0.160161812297735;8445.56;
0.162496532593621;8445.56;
0.162496532593621;8445.56;
0.162496532593621;8445.56;
0.162496532593621;8461.55;
0.162496532593621;8461.55;
0.165298196948683;8477.55;
0.165298196948683;8461.55;
0.165298196948683;8477.55;
0.165298196948683;8477.55;
0.165298196948683;8493.54;
0.165298196948683;8493.54;
0.167632917244568;8493.54;
0.167632917244568;8493.54;
0.167632917244568;8493.54;
0.167632917244568;8493.54;
0.167632917244568;8509.54;
0.167632917244568;8509.54;
0.167632917244568;8525.54;
0.170434581599631;8525.54;
0.170434581599631;8525.54;
0.170434581599631;8525.54;
0.170434581599631;8541.53;
0.170434581599631;8541.53;
0.170434581599631;8557.53;
0.170434581599631;8557.53;
0.170434581599631;8557.53;
0.173236245954693;8557.53;
0.173236245954693;8573.52;
0.173236245954693;8557.53;
0.173236245954693;8573.52;
0.173236245954693;8573.52;
0.173236245954693;8589.52;
0.173236245954693;8573.52;
0.173236245954693;8589.52;
0.173236245954693;8589.52;
0.173236245954693;8605.51;
0.175570966250578;8605.51;
0.175570966250578;8621.51;
0.175570966250578;8605.51;
0.175570966250578;8621.51;
0.178372630605641;8621.51;
0.178372630605641;8621.51;
0.178372630605641;8621.51;
0.178372630605641;8637.5;
0.178372630605641;8621.51;
0.178372630605641;8637.5;
0.178372630605641;8637.5;
0.178372630605641;8653.5;
0.178372630605641;8637.5;
0.180707350901526;8653.5;
0.180707350901526;8653.5;
0.180707350901526;8669.49;
0.180707350901526;8653.5;
0.183509015256588;8669.49;
0.183509015256588;8669.49;
0.183509015256588;8669.49;
0.183509015256588;8669.49;
0.183509015256588;8685.49;
0.183509015256588;8685.49;
0.183509015256588;8701.48;
0.183509015256588;8701.48;
0.183509015256588;8701.48;
0.186310679611651;8701.48;
0.186310679611651;8717.48;
0.186310679611651;8701.48;
0.186310679611651;8717.48;
0.186310679611651;8717.48;
0.186310679611651;8717.48;
0.186310679611651;8717.48;
0.186310679611651;8733.47;
0.186310679611651;8717.48;
0.188645399907536;8733.47;
0.188645399907536;8733.47;
0.188645399907536;8733.47;
0.188645399907536;8733.47;
0.191447064262598;8749.47;
0.191447064262598;8749.47;
0.191447064262598;8765.47;
0.191447064262598;8749.47;
0.191447064262598;8765.47;
0.191447064262598;8765.47;
0.191447064262598;8765.47;
0.191447064262598;8765.47;
0.19424872861766;8781.46;
0.19424872861766;8781.46;
0.19424872861766;8781.46;
0.19424872861766;8781.46;
0.19424872861766;8797.46;
0.19424872861766;8797.46;
0.196583448913545;8781.46;
0.196583448913545;8797.46;
0.196583448913545;8797.46;
0.196583448913545;8797.46;
0.196583448913545;8813.45;
0.196583448913545;8813.45;
0.199385113268608;8813.45;
0.199385113268608;8813.45;
0.199385113268608;8829.45;
0.199385113268608;8829.45;
0.199385113268608;8829.45;
0.199385113268608;8829.45;
0.199385113268608;8829.45;
0.199385113268608;8845.44;
0.201719833564494;8829.45;
0.201719833564494;8845.44;
0.201719833564494;8845.44;
0.201719833564494;8845.44;
0.201719833564494;8861.44;
0.201719833564494;8861.44;
0.204521497919556;8845.44;
0.204521497919556;8861.44;
0.204521497919556;8845.44;
0.204521497919556;8861.44;
0.204521497919556;8877.43;
0.204521497919556;8861.44;
0.204521497919556;8877.43;
0.207323162274618;8877.43;
0.207323162274618;8893.43;
0.207323162274618;8893.43;
0.207323162274618;8893.43;
0.207323162274618;8893.43;
0.207323162274618;8909.42;
0.207323162274618;8893.43;
0.207323162274618;8893.43;
0.209657882570504;8893.43;
0.209657882570504;8909.42;
0.209657882570504;8893.43;
0.209657882570504;8909.42;
0.209657882570504;8925.42;
0.212459546925566;8909.42;
0.212459546925566;8909.42;
0.212459546925566;8925.42;
0.212459546925566;8909.42;
0.212459546925566;8925.42;
0.212459546925566;8925.42;
0.212459546925566;8941.41;
0.214794267221451;8925.42;
0.214794267221451;8941.41;
0.214794267221451;8941.41;
0.214794267221451;8957.41;
0.214794267221451;8941.41;
0.214794267221451;8957.41;
0.214794267221451;8941.41;
0.214794267221451;8957.41;
0.217595931576514;8957.41;
0.217595931576514;8957.41;
0.217595931576514;8957.41;
0.217595931576514;8973.41;
0.217595931576514;8957.41;
0.217595931576514;8973.41;
0.220397595931577;8957.41;
0.220397595931577;8973.41;
0.220397595931577;8973.41;
0.220397595931577;8973.41;
0.220397595931577;8973.41;
0.220397595931577;8989.4;
0.220397595931577;8989.4;
0.222732316227461;8973.41;
0.222732316227461;8989.4;
0.222732316227461;9005.4;
0.222732316227461;9005.4;
0.222732316227461;9005.4;
0.222732316227461;9005.4;
0.222732316227461;9005.4;
0.222732316227461;8989.4;
0.225533980582525;9005.4;
0.225533980582525;9005.4;
0.225533980582525;9005.4;
0.225533980582525;9005.4;
0.225533980582525;9021.39;
0.225533980582525;9037.39;
0.228335644937587;9021.39;
0.228335644937587;9021.39;
0.228335644937587;9037.39;
0.228335644937587;9021.39;
0.228335644937587;9037.39;
0.228335644937587;9021.39;
0.228335644937587;9037.39;
0.228335644937587;9037.39;
0.228335644937587;9037.39;
0.228335644937587;9053.38;
0.230670365233472;9037.39;
0.230670365233472;9037.39;
0.230670365233472;9053.38;
0.230670365233472;9037.39;
0.233472029588535;9053.38;
0.233472029588535;9053.38;
0.233472029588535;9069.38;
0.233472029588535;9053.38;
0.233472029588535;9069.38;
0.233472029588535;9053.38;
0.233472029588535;9069.38;
0.23580674988442;9069.38;
0.23580674988442;9069.38;
0.23580674988442;9069.38;
0.23580674988442;9085.37;
0.23580674988442;9069.38;
0.23580674988442;9085.37;
0.23580674988442;9085.37;
0.23580674988442;9085.37;
0.238608414239482;9085.37;
0.238608414239482;9085.37;
0.238608414239482;9085.37;
0.238608414239482;9101.37;
0.238608414239482;9085.37;
0.238608414239482;9101.37;
0.238608414239482;9085.37;
0.238608414239482;9101.37;
0.241410078594545;9085.37;
0.241410078594545;9101.37;
0.241410078594545;9085.37;
0.241410078594545;9101.37;
0.241410078594545;9101.37;
0.241410078594545;9117.36;
0.241410078594545;9133.36;
0.243744798890431;9117.36;
0.243744798890431;9117.36;
0.243744798890431;9133.36;
0.246546463245492;9117.36;
0.246546463245492;9117.36;
0.246546463245492;9117.36;
0.246546463245492;9133.36;
0.246546463245492;9117.36;
0.246546463245492;9133.36;
0.246546463245492;9133.36;
0.246546463245492;9133.36;
0.248881183541378;9133.36;
0.248881183541378;9149.35;
0.248881183541378;9133.36;
0.248881183541378;9149.35;
0.248881183541378;9133.36;
0.248881183541378;9149.35;
0.248881183541378;9133.36;
0.248881183541378;9149.35;
0.251682847896441;9149.35;
0.251682847896441;9149.35;
0.251682847896441;9149.35;
0.251682847896441;9165.35;
0.251682847896441;9165.35;
0.251682847896441;9181.35;
0.251682847896441;9165.35;
0.254484512251503;9165.35;
0.254484512251503;9165.35;
0.254484512251503;9165.35;
0.254484512251503;9165.35;
0.254484512251503;9165.35;
0.254484512251503;9165.35;
0.254484512251503;9181.35;
0.256819232547388;9165.35;
0.256819232547388;9181.35;
0.256819232547388;9181.35;
0.256819232547388;9181.35;
0.256819232547388;9181.35;
0.256819232547388;9181.35;
0.256819232547388;9197.34;
0.25962089690245;9181.35;
0.25962089690245;9181.35;
0.25962089690245;9197.34;
0.25962089690245;9197.34;
0.25962089690245;9197.34;
0.25962089690245;9197.34;
0.262422561257513;9197.34;
0.262422561257513;9197.34;
0.262422561257513;9213.34;
0.262422561257513;9197.34;
0.262422561257513;9213.34;
0.262422561257513;9197.34;
0.262422561257513;9213.34;
0.264757281553398;9213.34;
0.264757281553398;9213.34;
0.264757281553398;9213.34;
0.264757281553398;9213.34;
0.264757281553398;9213.34;
0.264757281553398;9213.34;
0.264757281553398;9213.34;
0.264757281553398;9213.34;
0.26755894590846;9213.34;
0.26755894590846;9229.33;
0.26755894590846;9229.33;
0.26755894590846;9229.33;
0.26755894590846;9229.33;
0.26755894590846;9245.33;
0.26755894590846;9229.33;
0.269893666204345;9229.33;
0.269893666204345;9245.33;
0.269893666204345;9229.33;
0.269893666204345;9229.33;
0.269893666204345;9229.33;
0.269893666204345;9229.33;
0.269893666204345;9245.33;
0.272695330559408;9245.33;
0.272695330559408;9245.33;
0.272695330559408;9245.33;
0.272695330559408;9261.32;
0.272695330559408;9261.32;
0.27549699491447;9245.33;
0.27549699491447;9245.33;
0.27549699491447;9261.32;
0.27549699491447;9245.33;
0.27549699491447;9261.32;
0.27549699491447;9245.33;
0.27549699491447;9261.32;
0.27549699491447;9261.32;
0.27549699491447;9261.32;
0.277831715210355;9261.32;
0.277831715210355;9261.32;
0.277831715210355;9261.32;
0.277831715210355;9277.32;
0.277831715210355;9261.32;
0.277831715210355;9277.32;
0.280633379565418;9261.32;
0.280633379565418;9277.32;
0.280633379565418;9261.32;
0.280633379565418;9277.32;
0.280633379565418;9261.32;
0.280633379565418;9277.32;
0.280633379565418;9277.32;
0.280633379565418;9277.32;
0.282968099861304;9277.32;
0.282968099861304;9277.32;
0.282968099861304;9277.32;
0.282968099861304;9293.31;
0.282968099861304;9277.32;
0.282968099861304;9293.31;
0.285769764216366;9277.32;
0.285769764216366;9293.31;
0.285769764216366;9277.32;
0.285769764216366;9293.31;
0.285769764216366;9277.32;
0.285769764216366;9293.31;
0.285769764216366;9293.31;
0.285769764216366;9309.31;
0.288571428571429;9293.31;
0.288571428571429;9309.31;
0.288571428571429;9293.31;
0.288571428571429;9309.31;
0.290906148867314;9293.31;
0.290906148867314;9309.31;
0.290906148867314;9309.31;
0.290906148867314;9309.31;
0.290906148867314;9309.31;
0.290906148867314;9309.31;
0.290906148867314;9309.31;
0.293707813222377;9309.31;
0.293707813222377;9309.31;
0.293707813222377;9325.3;
0.293707813222377;9309.31;
0.293707813222377;9325.3;
0.293707813222377;9309.31;
0.293707813222377;9325.3;
0.293707813222377;9325.3;
0.293707813222377;9325.3;
0.296509477577439;9309.31;
0.296509477577439;9309.31;
0.296509477577439;9325.3;
0.296509477577439;9341.3;
0.296509477577439;9325.3;
0.296509477577439;9341.3;
0.298844197873325;9325.3;
0.298844197873325;9341.3;
0.298844197873325;9325.3;
0.298844197873325;9341.3;
0.298844197873325;9325.3;
0.298844197873325;9341.3;
0.298844197873325;9325.3;
0.298844197873325;9341.3;
0.301645862228387;9325.3;
0.301645862228387;9341.3;
0.301645862228387;9341.3;
0.301645862228387;9341.3;
0.301645862228387;9341.3;
0.301645862228387;9341.3;
0.303980582524272;9341.3;
0.303980582524272;9341.3;
0.303980582524272;9341.3;
0.303980582524272;9357.29;
0.303980582524272;9341.3;
0.303980582524272;9357.29;
0.306782246879335;9341.3;
0.306782246879335;9357.29;
0.306782246879335;9341.3;
0.306782246879335;9357.29;
0.306782246879335;9341.3;
0.306782246879335;9357.29;
0.306782246879335;9357.29;
0.309583911234397;9341.3;
0.309583911234397;9341.3;
0.309583911234397;9357.29;
0.309583911234397;9357.29;
0.309583911234397;9373.29;
0.309583911234397;9357.29;
0.309583911234397;9373.29;
0.311918631530282;9357.29;
0.311918631530282;9373.29;
0.311918631530282;9357.29;
0.311918631530282;9373.29;
0.311918631530282;9357.29;
0.311918631530282;9373.29;
0.311918631530282;9373.29;
0.311918631530282;9373.29;
0.314720295885345;9357.29;
0.314720295885345;9389.29;
0.314720295885345;9373.29;
0.314720295885345;9389.29;
0.314720295885345;9373.29;
0.314720295885345;9373.29;
0.314720295885345;9389.29;
0.31705501618123;9373.29;
0.31705501618123;9373.29;
0.31705501618123;9389.29;
0.31705501618123;9373.29;
0.31705501618123;9389.29;
0.31705501618123;9373.29;
0.31705501618123;9389.29;
0.319856680536292;9373.29;
0.319856680536292;9389.29;
0.319856680536292;9389.29;
0.319856680536292;9405.28;
0.319856680536292;9389.29;
0.319856680536292;9405.28;
0.319856680536292;9389.29;
0.319856680536292;9389.29;
0.322658344891354;9389.29;
0.322658344891354;9389.29;
0.322658344891354;9389.29;
0.322658344891354;9389.29;
0.322658344891354;9389.29;
0.322658344891354;9405.28;
0.324993065187239;9389.29;
0.324993065187239;9405.28;
0.324993065187239;9389.29;
0.324993065187239;9405.28;
0.324993065187239;9405.28;
0.327794729542302;9405.28;
0.327794729542302;9405.28;
0.327794729542302;9405.28;
0.327794729542302;9405.28;
0.327794729542302;9405.28;
0.327794729542302;9405.28;
0.330596393897364;9389.29;
0.330596393897364;9389.29;
0.330596393897364;9421.28;
0.330596393897364;9405.28;
0.330596393897364;9421.28;
0.330596393897364;9405.28;
0.330596393897364;9421.28;
0.330596393897364;9405.28;
0.330596393897364;9421.28;
0.33293111419325;9405.28;
0.33293111419325;9421.28;
0.33293111419325;9405.28;
0.33293111419325;9421.28;
0.33293111419325;9405.28;
0.33293111419325;9421.28;
0.33293111419325;9421.28;
0.33293111419325;9437.27;
0.335732778548312;9421.28;
0.335732778548312;9437.27;
0.335732778548312;9421.28;
0.335732778548312;9421.28;
0.338067498844198;9421.28;
0.338067498844198;9421.28;
0.338067498844198;9421.28;
0.338067498844198;9437.27;
0.338067498844198;9421.28;
0.338067498844198;9437.27;
0.338067498844198;9421.28;
0.338067498844198;9437.27;
0.34086916319926;9421.28;
0.34086916319926;9437.27;
0.34086916319926;9421.28;
0.34086916319926;9437.27;
0.34086916319926;9437.27;
0.34086916319926;9437.27;
0.34086916319926;9453.27;
0.343670827554322;9421.28;
0.343670827554322;9437.27;
0.343670827554322;9437.27;
0.343670827554322;9437.27;
0.343670827554322;9437.27;
0.343670827554322;9437.27;
0.343670827554322;9437.27;
0.346005547850208;9421.28;
0.346005547850208;9437.27;
0.346005547850208;9437.27;
0.346005547850208;9453.27;
0.346005547850208;9437.27;
0.346005547850208;9453.27;
0.346005547850208;9453.27;
0.348807212205271;9437.27;
0.348807212205271;9437.27;
0.348807212205271;9453.27;
0.348807212205271;9437.27;
0.348807212205271;9453.27;
0.348807212205271;9437.27;
0.348807212205271;9453.27;
0.351141932501155;9453.27;
0.351141932501155;9453.27;
0.351141932501155;9453.27;
0.351141932501155;9453.27;
0.351141932501155;9437.27;
0.351141932501155;9453.27;
0.353943596856219;9437.27;
0.353943596856219;9453.27;
0.353943596856219;9437.27;
0.353943596856219;9453.27;
0.353943596856219;9469.26;
0.353943596856219;9469.26;
0.356745261211281;9453.27;
0.356745261211281;9453.27;
0.356745261211281;9453.27;
0.356745261211281;9469.26;
0.356745261211281;9453.27;
0.356745261211281;9469.26;
0.356745261211281;9453.27;
0.356745261211281;9469.26;
0.359079981507166;9453.27;
0.359079981507166;9469.26;
0.359079981507166;9453.27;
0.359079981507166;9469.26;
0.359079981507166;9453.27;
0.359079981507166;9469.26;
0.359079981507166;9469.26;
0.361881645862229;9453.27;
0.361881645862229;9453.27;
0.361881645862229;9469.26;
0.361881645862229;9453.27;
0.361881645862229;9469.26;
0.361881645862229;9453.27;
0.361881645862229;9485.26;
0.364683310217291;9469.26;
0.364683310217291;9485.26;
0.364683310217291;9469.26;
0.364683310217291;9485.26;
0.364683310217291;9469.26;
0.364683310217291;9485.26;
0.364683310217291;9485.26;
0.367018030513176;9469.26;
0.367018030513176;9469.26;
0.367018030513176;9485.26;
0.367018030513176;9469.26;
0.367018030513176;9485.26;
0.367018030513176;9485.26;
0.367018030513176;9485.26;
0.369819694868239;9469.26;
0.369819694868239;9469.26;
0.369819694868239;9469.26;
0.369819694868239;9485.26;
0.369819694868239;9469.26;
0.369819694868239;9485.26;
0.372154415164124;9469.26;
0.372154415164124;9501.25;
0.372154415164124;9485.26;
0.372154415164124;9501.25;
0.372154415164124;9485.26;
0.372154415164124;9501.25;
0.374956079519186;9469.26;
0.374956079519186;9485.26;
0.374956079519186;9469.26;
0.374956079519186;9485.26;
0.374956079519186;9469.26;
0.374956079519186;9485.26;
0.374956079519186;9469.26;
0.374956079519186;9501.25;
0.377757743874248;9485.26;
0.377757743874248;9501.25;
0.377757743874248;9485.26;
0.377757743874248;9501.25;
0.377757743874248;9485.26;
0.377757743874248;9501.25;
0.377757743874248;9485.26;
0.377757743874248;9501.25;
0.380092464170135;9485.26;
0.380092464170135;9501.25;
0.380092464170135;9501.25;
0.380092464170135;9501.25;
0.382894128525196;9485.26;
0.382894128525196;9485.26;
0.382894128525196;9485.26;
0.382894128525196;9501.25;
0.382894128525196;9485.26;
0.382894128525196;9501.25;
0.382894128525196;9485.26;
0.382894128525196;9501.25;
0.382894128525196;9501.25;
0.385228848821082;9485.26;
0.385228848821082;9485.26;
0.385228848821082;9501.25;
0.385228848821082;9485.26;
0.385228848821082;9501.25;
0.385228848821082;9501.25;
0.388030513176145;9485.26;
0.388030513176145;9501.25;
0.388030513176145;9517.25;
0.388030513176145;9501.25;
0.388030513176145;9517.25;
0.388030513176145;9517.25;
0.388030513176145;9517.25;
0.390832177531207;9501.25;
0.390832177531207;9485.26;
0.390832177531207;9485.26;
0.390832177531207;9517.25;
0.390832177531207;9517.25;
0.393166897827092;9485.26;
0.393166897827092;9501.25;
0.393166897827092;9517.25;
0.393166897827092;9501.25;
0.393166897827092;9517.25;
0.393166897827092;9517.25;
0.393166897827092;9501.25;
0.393166897827092;9517.25;
0.395968562182154;9501.25;
0.395968562182154;9501.25;
0.395968562182154;9517.25;
0.395968562182154;9501.25;
0.395968562182154;9517.25;
0.395968562182154;9501.25;
0.395968562182154;9517.25;
0.395968562182154;9517.25;
0.395968562182154;9517.25;
0.398770226537217;9501.25;
0.398770226537217;9501.25;
0.398770226537217;9501.25;
0.398770226537217;9517.25;
0.398770226537217;9517.25;
0.401104946833102;9501.25;
0.401104946833102;9501.25;
0.401104946833102;9517.25;
0.401104946833102;9501.25;
0.401104946833102;9533.24;
0.401104946833102;9501.25;
0.401104946833102;9533.24;
0.401104946833102;9533.24;
0.403906611188164;9517.25;
0.403906611188164;9517.25;
0.403906611188164;9533.24;
0.403906611188164;9501.25;
0.403906611188164;9533.24;
0.403906611188164;9517.25;
0.406241331484049;9501.25;
0.406241331484049;9501.25;
0.406241331484049;9517.25;
0.406241331484049;9517.25;
0.406241331484049;9517.25;
0.406241331484049;9501.25;
0.406241331484049;9517.25;
0.406241331484049;9533.24;
0.409042995839112;9517.25;
0.409042995839112;9517.25;
0.409042995839112;9533.24;
0.409042995839112;9517.25;
0.409042995839112;9533.24;
0.409042995839112;9533.24;
0.409042995839112;9533.24;
0.411844660194174;9517.25;
0.411844660194174;9517.25;
0.411844660194174;9517.25;
0.411844660194174;9533.24;
0.411844660194174;9517.25;
0.411844660194174;9533.24;
0.414179380490059;9517.25;
0.414179380490059;9533.24;
0.414179380490059;9517.25;
0.414179380490059;9533.24;
0.414179380490059;9517.25;
0.414179380490059;9533.24;
0.416981044845122;9517.25;
0.416981044845122;9533.24;
0.416981044845122;9517.25;
0.416981044845122;9533.24;
0.416981044845122;9517.25;
0.416981044845122;9533.24;
0.416981044845122;9549.24;
0.416981044845122;9533.24;
0.419315765141008;9517.25;
0.419315765141008;9517.25;
0.419315765141008;9517.25;
0.419315765141008;9533.24;
0.419315765141008;9533.24;
0.419315765141008;9533.24;
0.42211742949607;9517.25;
0.42211742949607;9517.25;
0.42211742949607;9517.25;
0.42211742949607;9533.24;
0.42211742949607;9517.25;
0.42211742949607;9533.24;
0.42211742949607;9533.24;
0.424919093851133;9517.25;
0.424919093851133;9533.24;
0.424919093851133;9549.24;
0.424919093851133;9533.24;
0.424919093851133;9549.24;
0.424919093851133;9533.24;
0.424919093851133;9549.24;
0.424919093851133;9533.24;
0.427253814147019;9517.25;
0.427253814147019;9517.25;
0.427253814147019;9533.24;
0.427253814147019;9517.25;
0.427253814147019;9533.24;
0.427253814147019;9549.24;
0.430055478502081;9517.25;
0.430055478502081;9533.24;
0.430055478502081;9549.24;
0.430055478502081;9533.24;
0.430055478502081;9549.24;
0.430055478502081;9549.24;
0.432857142857143;9533.24;
0.432857142857143;9517.25;
0.432857142857143;9549.24;
0.432857142857143;9533.24;
0.432857142857143;9549.24;
0.432857142857143;9533.24;
0.432857142857143;9549.24;
0.435191863153029;9533.24;
0.435191863153029;9549.24;
0.435191863153029;9533.24;
0.435191863153029;9549.24;
0.435191863153029;9533.24;
0.435191863153029;9549.24;
0.435191863153029;9517.25;
0.435191863153029;9549.24;
0.435191863153029;9549.24;
0.437993527508091;9517.25;
0.437993527508091;9533.24;
0.437993527508091;9549.24;
0.437993527508091;9533.24;
0.437993527508091;9549.24;
0.437993527508091;9549.24;
0.440328247803976;9533.24;
0.440328247803976;9533.24;
0.440328247803976;9549.24;
0.440328247803976;9533.24;
0.440328247803976;9549.24;
0.440328247803976;9549.24;
0.440328247803976;9549.24;
0.443129912159039;9533.24;
0.443129912159039;9533.24;
0.443129912159039;9533.24;
0.443129912159039;9549.24;
0.443129912159039;9533.24;
0.443129912159039;9549.24;
0.443129912159039;9549.24;
0.443129912159039;9549.24;
0.445931576514101;9533.24;
0.445931576514101;9533.24;
0.445931576514101;9533.24;
0.445931576514101;9549.24;
0.445931576514101;9533.24;
0.445931576514101;9549.24;
0.448266296809986;9533.24;
0.448266296809986;9549.24;
0.448266296809986;9533.24;
0.448266296809986;9549.24;
0.448266296809986;9533.24;
0.448266296809986;9549.24;
0.451067961165048;9533.24;
0.451067961165048;9549.24;
0.451067961165048;9533.24;
0.451067961165048;9549.24;
0.451067961165048;9533.24;
0.451067961165048;9549.24;
0.453402681460934;9533.24;
0.453402681460934;9549.24;
0.453402681460934;9533.24;
0.453402681460934;9549.24;
0.453402681460934;9549.24;
0.453402681460934;9533.24;
0.453402681460934;9565.23;
0.456204345815996;9533.24;
0.456204345815996;9533.24;
0.456204345815996;9565.23;
0.456204345815996;9533.24;
0.456204345815996;9549.24;
0.456204345815996;9533.24;
0.456204345815996;9549.24;
0.459006010171058;9533.24;
0.459006010171058;9549.24;
0.459006010171058;9533.24;
0.459006010171058;9549.24;
0.459006010171058;9533.24;
0.459006010171058;9549.24;
0.459006010171058;9565.23;
0.461340730466943;9533.24;
0.461340730466943;9533.24;
0.461340730466943;9565.23;
0.461340730466943;9565.23;
0.461340730466943;9533.24;
0.461340730466943;9565.23;
0.461340730466943;9565.23;
0.464142394822006;9533.24;
0.464142394822006;9533.24;
0.464142394822006;9533.24;
0.464142394822006;9549.24;
0.464142394822006;9533.24;
0.464142394822006;9549.24;
0.464142394822006;9549.24;
0.466944059177068;9533.24;
0.466944059177068;9533.24;
0.466944059177068;9565.23;
0.466944059177068;9533.24;
0.466944059177068;9565.23;
0.466944059177068;9549.24;
0.466944059177068;9565.23;
0.469278779472954;9533.24;
0.469278779472954;9549.24;
0.469278779472954;9533.24;
0.469278779472954;9565.23;
0.469278779472954;9565.23;
0.469278779472954;9565.23;
0.472080443828016;9533.24;
0.472080443828016;9549.24;
0.472080443828016;9549.24;
0.472080443828016;9565.23;
0.472080443828016;9533.24;
0.472080443828016;9565.23;
0.472080443828016;9549.24;
0.474415164123902;9533.24;
0.474415164123902;9533.24;
0.474415164123902;9549.24;
0.474415164123902;9533.24;
0.474415164123902;9549.24;
0.474415164123902;9565.23;
0.474415164123902;9565.23;
0.477216828478964;9533.24;
0.477216828478964;9533.24;
0.477216828478964;9549.24;
0.477216828478964;9565.23;
0.477216828478964;9549.24;
0.477216828478964;9565.23;
0.480018492834027;9533.24;
0.480018492834027;9549.24;
0.480018492834027;9533.24;
0.480018492834027;9565.23;
0.480018492834027;9533.24;
0.480018492834027;9549.24;
0.480018492834027;9565.23;
0.480018492834027;9565.23;
0.482353213129913;9533.24;
0.482353213129913;9533.24;
0.482353213129913;9533.24;
0.482353213129913;9565.23;
0.482353213129913;9533.24;
0.482353213129913;9565.23;
0.485154877484975;9533.24;
0.485154877484975;9565.23;
0.485154877484975;9549.24;
0.485154877484975;9565.23;
0.485154877484975;9565.23;
0.485154877484975;9565.23;
0.48748959778086;9549.24;
0.48748959778086;9533.24;
0.48748959778086;9533.24;
0.48748959778086;9565.23;
0.48748959778086;9533.24;
0.48748959778086;9565.23;
0.48748959778086;9549.24;
0.48748959778086;9565.23;
0.48748959778086;9565.23;
0.490291262135923;9533.24;
0.490291262135923;9533.24;
0.490291262135923;9565.23;
0.490291262135923;9533.24;
0.490291262135923;9565.23;
0.490291262135923;9565.23;
0.490291262135923;9565.23;
0.493092926490985;9549.24;
0.493092926490985;9549.24;
0.493092926490985;9549.24;
0.493092926490985;9565.23;
0.493092926490985;9549.24;
0.493092926490985;9549.24;
0.49542764678687;9533.24;
0.49542764678687;9533.24;
0.49542764678687;9533.24;
0.49542764678687;9549.24;
0.49542764678687;9533.24;
0.49542764678687;9565.23;
0.49542764678687;9565.23;
0.49542764678687;9565.23;
0.498229311141933;9549.24;
0.498229311141933;9549.24;
0.498229311141933;9533.24;
0.498229311141933;9565.23;
0.498229311141933;9533.24;
0.498229311141933;9565.23;
0.501030975496995;9533.24;
0.501030975496995;9565.23;
0.501030975496995;9549.24;
0.501030975496995;9565.23;
0.501030975496995;9549.24;
0.501030975496995;9565.23;
0.501030975496995;9565.23;
0.501030975496995;9565.23;
0.50336569579288;9533.24;
0.50336569579288;9533.24;
0.50336569579288;9533.24;
0.50336569579288;9565.23;
0.50336569579288;9533.24;
0.50336569579288;9565.23;
0.506167360147942;9533.24;
0.506167360147942;9549.24;
0.506167360147942;9565.23;
0.506167360147942;9565.23;
0.506167360147942;9565.23;
0.508502080443829;9533.24;
0.508502080443829;9533.24;
0.508502080443829;9549.24;
0.508502080443829;9549.24;
0.508502080443829;9565.23;
0.508502080443829;9549.24;
0.508502080443829;9565.23;
0.508502080443829;9533.24;
0.508502080443829;9565.23;
0.51130374479889;9533.24;
0.51130374479889;9549.24;
0.51130374479889;9533.24;
0.51130374479889;9549.24;
0.51130374479889;9565.23;
0.514105409153952;9533.24;
0.514105409153952;9549.24;
0.514105409153952;9565.23;
0.514105409153952;9549.24;
0.514105409153952;9565.23;
0.514105409153952;9533.24;
0.514105409153952;9565.23;
0.514105409153952;9565.23;
0.516440129449838;9533.24;
0.516440129449838;9533.24;
0.516440129449838;9565.23;
0.516440129449838;9565.23;
0.516440129449838;9565.23;
0.519241793804901;9533.24;
0.519241793804901;9549.24;
0.519241793804901;9549.24;
0.519241793804901;9565.23;
0.519241793804901;9533.24;
0.519241793804901;9549.24;
0.519241793804901;9549.24;
0.519241793804901;9549.24;
0.521576514100786;9533.24;
0.521576514100786;9533.24;
0.521576514100786;9533.24;
0.521576514100786;9565.23;
0.521576514100786;9549.24;
0.521576514100786;9565.23;
0.521576514100786;9565.23;
0.524378178455848;9549.24;
0.524378178455848;9533.24;
0.524378178455848;9549.24;
0.524378178455848;9533.24;
0.524378178455848;9549.24;
0.524378178455848;9565.23;
0.527179842810911;9533.24;
0.527179842810911;9533.24;
0.527179842810911;9565.23;
0.527179842810911;9549.24;
0.529514563106796;9533.24;
0.529514563106796;9533.24;
0.529514563106796;9549.24;
0.529514563106796;9533.24;
0.529514563106796;9565.23;
0.529514563106796;9549.24;
0.529514563106796;9549.24;
0.529514563106796;9549.24;
0.532316227461858;9533.24;
0.532316227461858;9533.24;
0.532316227461858;9549.24;
0.532316227461858;9533.24;
0.532316227461858;9549.24;
0.532316227461858;9533.24;
0.532316227461858;9549.24;
0.532316227461858;9565.23;
0.532316227461858;9549.24;
0.535117891816921;9533.24;
0.535117891816921;9533.24;
0.535117891816921;9533.24;
0.535117891816921;9549.24;
0.535117891816921;9549.24;
0.535117891816921;9549.24;
0.535117891816921;9549.24;
0.537452612112806;9533.24;
0.537452612112806;9533.24;
0.537452612112806;9533.24;
0.537452612112806;9533.24;
0.537452612112806;9549.24;
0.537452612112806;9549.24;
0.540254276467868;9533.24;
0.540254276467868;9533.24;
0.540254276467868;9549.24;
0.540254276467868;9533.24;
0.540254276467868;9549.24;
0.540254276467868;9549.24;
0.540254276467868;9549.24;
0.542588996763753;9533.24;
0.542588996763753;9533.24;
0.542588996763753;9533.24;
0.542588996763753;9549.24;
0.542588996763753;9549.24;
0.542588996763753;9549.24;
0.545390661118817;9533.24;
0.545390661118817;9533.24;
0.545390661118817;9533.24;
0.545390661118817;9549.24;
0.545390661118817;9533.24;
0.545390661118817;9549.24;
0.545390661118817;9549.24;
0.548192325473879;9533.24;
0.548192325473879;9533.24;
0.548192325473879;9549.24;
0.548192325473879;9549.24;
0.548192325473879;9549.24;
0.548192325473879;9549.24;
0.550527045769764;9533.24;
0.550527045769764;9533.24;
0.550527045769764;9533.24;
0.550527045769764;9533.24;
0.550527045769764;9549.24;
0.550527045769764;9533.24;
0.550527045769764;9549.24;
0.550527045769764;9533.24;
0.550527045769764;9549.24;
0.553328710124827;9533.24;
0.553328710124827;9549.24;
0.553328710124827;9533.24;
0.553328710124827;9549.24;
0.553328710124827;9549.24;
0.555663430420713;9533.24;
0.555663430420713;9533.24;
0.555663430420713;9549.24;
0.555663430420713;9533.24;
0.555663430420713;9549.24;
0.555663430420713;9549.24;
0.555663430420713;9549.24;
0.558465094775775;9533.24;
0.558465094775775;9517.25;
0.558465094775775;9533.24;
0.558465094775775;9549.24;
0.558465094775775;9549.24;
0.558465094775775;9549.24;
0.561266759130837;9533.24;
0.561266759130837;9533.24;
0.561266759130837;9533.24;
0.561266759130837;9549.24;
0.561266759130837;9533.24;
0.561266759130837;9549.24;
0.561266759130837;9533.24;
0.563601479426723;9533.24;
0.563601479426723;9517.25;
0.563601479426723;9533.24;
0.563601479426723;9517.25;
0.563601479426723;9549.24;
0.563601479426723;9517.25;
0.563601479426723;9533.24;
0.563601479426723;9549.24;
0.566403143781785;9517.25;
0.566403143781785;9517.25;
0.566403143781785;9533.24;
0.566403143781785;9533.24;
0.566403143781785;9549.24;
0.566403143781785;9549.24;
0.569204808136846;9533.24;
0.569204808136846;9517.25;
0.569204808136846;9533.24;
0.569204808136846;9533.24;
0.569204808136846;9533.24;
0.569204808136846;9533.24;
0.569204808136846;9533.24;
0.571539528432732;9517.25;
0.571539528432732;9517.25;
0.571539528432732;9533.24;
0.571539528432732;9533.24;
0.571539528432732;9517.25;
0.571539528432732;9533.24;
0.571539528432732;9533.24;
0.574341192787795;9517.25;
0.574341192787795;9517.25;
0.574341192787795;9533.24;
0.574341192787795;9517.25;
0.574341192787795;9533.24;
0.574341192787795;9533.24;
0.57667591308368;9517.25;
0.57667591308368;9533.24;
0.57667591308368;9533.24;
0.57667591308368;9533.24;
0.57667591308368;9533.24;
0.57667591308368;9517.25;
0.57667591308368;9533.24;
0.579477577438743;9517.25;
0.579477577438743;9533.24;
0.579477577438743;9517.25;
0.579477577438743;9533.24;
0.579477577438743;9517.25;
0.579477577438743;9533.24;
0.582279241793805;9517.25;
0.582279241793805;9533.24;
0.582279241793805;9517.25;
0.582279241793805;9533.24;
0.582279241793805;9517.25;
0.582279241793805;9533.24;
0.582279241793805;9517.25;
0.582279241793805;9533.24;
0.58461396208969;9517.25;
0.58461396208969;9533.24;
0.58461396208969;9517.25;
0.58461396208969;9533.24;
0.58461396208969;9517.25;
0.58461396208969;9533.24;
0.58461396208969;9533.24;
0.587415626444752;9517.25;
0.587415626444752;9517.25;
0.587415626444752;9533.24;
0.587415626444752;9533.24;
0.587415626444752;9517.25;
0.587415626444752;9533.24;
0.587415626444752;9517.25;
0.589750346740637;9517.25;
0.589750346740637;9517.25;
0.589750346740637;9517.25;
0.589750346740637;9517.25;
0.589750346740637;9517.25;
0.589750346740637;9533.24;
0.589750346740637;9533.24;
0.589750346740637;9533.24;
0.5925520110957;9517.25;
0.5925520110957;9517.25;
0.5925520110957;9517.25;
0.5925520110957;9517.25;
0.5925520110957;9517.25;
0.5925520110957;9517.25;
0.5925520110957;9501.25;
0.5925520110957;9517.25;
0.595353675450762;9501.25;
0.595353675450762;9517.25;
0.595353675450762;9501.25;
0.595353675450762;9517.25;
0.595353675450762;9533.24;
0.597688395746648;9517.25;
0.597688395746648;9517.25;
0.597688395746648;9517.25;
0.597688395746648;9517.25;
0.597688395746648;9517.25;
0.597688395746648;9517.25;
0.597688395746648;9517.25;
0.597688395746648;9517.25;
0.597688395746648;9517.25;
0.60049006010171;9501.25;
0.60049006010171;9517.25;
0.60049006010171;9517.25;
0.60049006010171;9517.25;
0.603291724456773;9501.25;
0.603291724456773;9501.25;
0.603291724456773;9517.25;
0.603291724456773;9517.25;
0.603291724456773;9501.25;
0.603291724456773;9517.25;
0.603291724456773;9501.25;
0.603291724456773;9517.25;
0.603291724456773;9501.25;
0.605626444752658;9517.25;
0.605626444752658;9501.25;
0.605626444752658;9517.25;
0.605626444752658;9501.25;
0.605626444752658;9517.25;
0.608428109107721;9501.25;
0.608428109107721;9517.25;
0.608428109107721;9501.25;
0.608428109107721;9517.25;
0.608428109107721;9501.25;
0.608428109107721;9517.25;
0.610762829403606;9501.25;
0.610762829403606;9517.25;
0.610762829403606;9501.25;
0.610762829403606;9501.25;
0.610762829403606;9501.25;
0.613564493758669;9501.25;
0.613564493758669;9501.25;
0.613564493758669;9517.25;
0.613564493758669;9501.25;
0.613564493758669;9517.25;
0.613564493758669;9501.25;
0.613564493758669;9517.25;
0.613564493758669;9501.25;
0.613564493758669;9517.25;
0.613564493758669;9501.25;
0.613564493758669;9501.25;
0.616366158113732;9501.25;
0.616366158113732;9501.25;
0.616366158113732;9501.25;
0.616366158113732;9501.25;
0.616366158113732;9501.25;
0.616366158113732;9501.25;
0.618700878409617;9501.25;
0.618700878409617;9501.25;
0.618700878409617;9501.25;
0.618700878409617;9501.25;
0.618700878409617;9501.25;
0.618700878409617;9501.25;
0.621502542764679;9485.26;
0.621502542764679;9501.25;
0.621502542764679;9485.26;
0.621502542764679;9501.25;
0.621502542764679;9501.25;
0.621502542764679;9501.25;
0.621502542764679;9501.25;
0.621502542764679;9501.25;
0.623837263060564;9501.25;
0.623837263060564;9501.25;
0.623837263060564;9485.26;
0.623837263060564;9501.25;
0.623837263060564;9485.26;
0.623837263060564;9501.25;
0.623837263060564;9501.25;
0.626638927415627;9485.26;
0.626638927415627;9485.26;
0.626638927415627;9501.25;
0.626638927415627;9485.26;
0.626638927415627;9501.25;
0.626638927415627;9501.25;
0.629440591770689;9485.26;
0.629440591770689;9485.26;
0.629440591770689;9501.25;
0.629440591770689;9501.25;
0.629440591770689;9485.26;
0.629440591770689;9485.26;
0.631775312066574;9485.26;
0.631775312066574;9485.26;
0.631775312066574;9485.26;
0.631775312066574;9485.26;
0.631775312066574;9485.26;
0.631775312066574;9485.26;
0.631775312066574;9485.26;
0.631775312066574;9485.26;
0.634576976421637;9485.26;
0.634576976421637;9485.26;
0.634576976421637;9485.26;
0.634576976421637;9485.26;
0.634576976421637;9485.26;
0.634576976421637;9485.26;
0.634576976421637;9485.26;
0.637378640776699;9485.26;
0.637378640776699;9485.26;
0.637378640776699;9485.26;
0.637378640776699;9485.26;
0.637378640776699;9485.26;
0.637378640776699;9485.26;
0.637378640776699;9485.26;
0.637378640776699;9485.26;
0.639713361072584;9485.26;
0.639713361072584;9485.26;
0.639713361072584;9469.26;
0.639713361072584;9469.26;
0.639713361072584;9469.26;
0.639713361072584;9469.26;
0.642515025427646;9469.26;
0.642515025427646;9485.26;
0.642515025427646;9469.26;
0.642515025427646;9485.26;
0.642515025427646;9469.26;
0.642515025427646;9485.26;
0.644849745723532;9469.26;
0.644849745723532;9485.26;
0.644849745723532;9469.26;
0.644849745723532;9485.26;
0.644849745723532;9469.26;
0.644849745723532;9469.26;
0.647651410078594;9469.26;
0.647651410078594;9469.26;
0.647651410078594;9469.26;
0.647651410078594;9469.26;
0.647651410078594;9469.26;
0.647651410078594;9469.26;
0.647651410078594;9469.26;
0.650453074433656;9469.26;
0.650453074433656;9469.26;
0.650453074433656;9469.26;
0.650453074433656;9469.26;
0.650453074433656;9469.26;
0.650453074433656;9469.26;
0.650453074433656;9469.26;
0.652787794729542;9469.26;
0.652787794729542;9469.26;
0.652787794729542;9469.26;
0.652787794729542;9469.26;
0.652787794729542;9453.27;
0.652787794729542;9469.26;
0.652787794729542;9453.27;
0.652787794729542;9469.26;
0.655589459084604;9469.26;
0.655589459084604;9469.26;
0.655589459084604;9453.27;
0.655589459084604;9469.26;
0.655589459084604;9453.27;
0.655589459084604;9453.27;
0.655589459084604;9453.27;
0.655589459084604;9453.27;
0.655589459084604;9453.27;
0.65792417938049;9453.27;
0.65792417938049;9453.27;
0.65792417938049;9453.27;
0.660725843735552;9453.27;
0.660725843735552;9469.26;
0.660725843735552;9453.27;
0.660725843735552;9453.27;
0.660725843735552;9453.27;
0.660725843735552;9453.27;
0.660725843735552;9453.27;
0.660725843735552;9453.27;
0.663527508090615;9437.27;
0.663527508090615;9453.27;
0.663527508090615;9437.27;
0.663527508090615;9453.27;
0.663527508090615;9453.27;
0.663527508090615;9453.27;
0.6658622283865;9453.27;
0.6658622283865;9453.27;
0.6658622283865;9453.27;
0.6658622283865;9453.27;
0.6658622283865;9453.27;
0.6658622283865;9453.27;
0.6658622283865;9453.27;
0.6658622283865;9453.27;
0.6658622283865;9437.27;
0.6658622283865;9453.27;
0.668663892741562;9437.27;
0.668663892741562;9437.27;
0.668663892741562;9437.27;
0.668663892741562;9437.27;
0.671465557096626;9437.27;
0.671465557096626;9437.27;
0.671465557096626;9437.27;
0.671465557096626;9437.27;
0.671465557096626;9437.27;
0.671465557096626;9437.27;
0.671465557096626;9437.27;
0.671465557096626;9437.27;
0.671465557096626;9437.27;
0.671465557096626;9437.27;
0.67380027739251;9437.27;
0.67380027739251;9437.27;
0.67380027739251;9437.27;
0.67380027739251;9437.27;
0.676601941747573;9437.27;
0.676601941747573;9437.27;
0.676601941747573;9437.27;
0.676601941747573;9437.27;
0.676601941747573;9421.28;
0.676601941747573;9421.28;
0.676601941747573;9421.28;
0.676601941747573;9421.28;
0.678936662043458;9421.28;
0.678936662043458;9421.28;
0.678936662043458;9421.28;
0.678936662043458;9421.28;
0.678936662043458;9437.27;
0.681738326398521;9421.28;
0.681738326398521;9437.27;
0.681738326398521;9437.27;
0.681738326398521;9421.28;
0.681738326398521;9421.28;
0.681738326398521;9421.28;
0.681738326398521;9421.28;
0.681738326398521;9421.28;
0.681738326398521;9421.28;
0.684539990753583;9421.28;
0.684539990753583;9421.28;
0.684539990753583;9421.28;
0.684539990753583;9421.28;
0.684539990753583;9421.28;
0.686874711049468;9421.28;
0.686874711049468;9421.28;
0.686874711049468;9421.28;
0.686874711049468;9405.28;
0.686874711049468;9405.28;
0.686874711049468;9405.28;
0.686874711049468;9405.28;
0.689676375404531;9405.28;
0.689676375404531;9405.28;
0.689676375404531;9405.28;
0.689676375404531;9421.28;
0.689676375404531;9405.28;
0.689676375404531;9405.28;
0.689676375404531;9405.28;
0.689676375404531;9405.28;
0.692011095700417;9405.28;
0.692011095700417;9405.28;
0.692011095700417;9405.28;
0.692011095700417;9405.28;
0.692011095700417;9405.28;
0.694812760055479;9405.28;
0.694812760055479;9405.28;
0.694812760055479;9405.28;
0.694812760055479;9405.28;
0.694812760055479;9405.28;
0.694812760055479;9405.28;
0.69761442441054;9389.29;
0.69761442441054;9405.28;
0.69761442441054;9405.28;
0.69761442441054;9405.28;
0.69761442441054;9405.28;
0.699949144706427;9389.29;
0.699949144706427;9389.29;
0.699949144706427;9389.29;
0.699949144706427;9389.29;
0.699949144706427;9389.29;
0.699949144706427;9389.29;
0.699949144706427;9389.29;
0.699949144706427;9389.29;
0.699949144706427;9389.29;
0.699949144706427;9389.29;
0.702750809061489;9389.29;
0.702750809061489;9389.29;
0.702750809061489;9389.29;
0.702750809061489;9389.29;
0.702750809061489;9389.29;
0.702750809061489;9389.29;
0.702750809061489;9389.29;
0.705085529357374;9389.29;
0.705085529357374;9373.29;
0.705085529357374;9373.29;
0.705085529357374;9373.29;
0.705085529357374;9373.29;
0.707887193712437;9373.29;
0.707887193712437;9373.29;
0.707887193712437;9373.29;
0.707887193712437;9373.29;
0.707887193712437;9373.29;
0.707887193712437;9373.29;
0.707887193712437;9357.29;
0.707887193712437;9357.29;
0.710688858067499;9373.29;
0.710688858067499;9357.29;
0.710688858067499;9357.29;
0.710688858067499;9357.29;
0.710688858067499;9357.29;
0.710688858067499;9357.29;
0.713023578363384;9357.29;
0.713023578363384;9357.29;
0.713023578363384;9357.29;
0.713023578363384;9357.29;
0.713023578363384;9357.29;
0.713023578363384;9357.29;
0.713023578363384;9357.29;
0.713023578363384;9357.29;
0.715825242718446;9357.29;
0.715825242718446;9341.3;
0.715825242718446;9341.3;
0.715825242718446;9341.3;
0.715825242718446;9341.3;
0.715825242718446;9341.3;
0.718626907073509;9357.29;
0.718626907073509;9341.3;
0.718626907073509;9341.3;
0.718626907073509;9341.3;
0.718626907073509;9341.3;
0.718626907073509;9341.3;
0.718626907073509;9341.3;
0.720961627369394;9341.3;
0.720961627369394;9341.3;
0.720961627369394;9325.3;
0.720961627369394;9341.3;
0.720961627369394;9325.3;
0.720961627369394;9325.3;
0.723763291724456;9325.3;
0.723763291724456;9341.3;
0.723763291724456;9325.3;
0.723763291724456;9325.3;
0.723763291724456;9325.3;
0.723763291724456;9325.3;
0.726098012020342;9325.3;
0.726098012020342;9325.3;
0.726098012020342;9309.31;
0.726098012020342;9325.3;
0.726098012020342;9309.31;
0.726098012020342;9325.3;
0.726098012020342;9309.31;
0.726098012020342;9309.31;
0.728899676375404;9309.31;
0.728899676375404;9325.3;
0.728899676375404;9309.31;
0.728899676375404;9309.31;
0.728899676375404;9293.31;
0.728899676375404;9309.31;
0.731701340730467;9293.31;
0.731701340730467;9293.31;
0.731701340730467;9293.31;
0.731701340730467;9293.31;
0.731701340730467;9293.31;
0.731701340730467;9293.31;
0.731701340730467;9293.31;
0.731701340730467;9293.31;
0.731701340730467;9293.31;
0.734036061026352;9293.31;
0.734036061026352;9293.31;
0.734036061026352;9293.31;
0.734036061026352;9277.32;
0.734036061026352;9277.32;
0.734036061026352;9277.32;
0.736837725381415;9277.32;
0.736837725381415;9277.32;
0.736837725381415;9277.32;
0.736837725381415;9261.32;
0.736837725381415;9277.32;
0.7391724456773;9261.32;
0.7391724456773;9261.32;
0.7391724456773;9261.32;
0.7391724456773;9261.32;
0.7391724456773;9261.32;
0.741974110032362;9261.32;
0.741974110032362;9261.32;
0.741974110032362;9261.32;
0.741974110032362;9245.33;
0.741974110032362;9261.32;
0.741974110032362;9245.33;
0.741974110032362;9245.33;
0.741974110032362;9245.33;
0.741974110032362;9245.33;
0.744775774387425;9245.33;
0.744775774387425;9245.33;
0.744775774387425;9245.33;
0.744775774387425;9245.33;
0.744775774387425;9229.33;
0.744775774387425;9229.33;
0.744775774387425;9229.33;
0.747110494683311;9229.33;
0.747110494683311;9213.34;
0.747110494683311;9229.33;
0.747110494683311;9213.34;
0.747110494683311;9229.33;
0.747110494683311;9213.34;
0.747110494683311;9213.34;
0.747110494683311;9213.34;
0.749912159038373;9213.34;
0.749912159038373;9213.34;
0.749912159038373;9213.34;
0.749912159038373;9197.34;
0.749912159038373;9213.34;
0.749912159038373;9197.34;
0.749912159038373;9197.34;
0.749912159038373;9197.34;
0.752713823393436;9197.34;
0.752713823393436;9181.35;
0.752713823393436;9197.34;
0.752713823393436;9181.35;
0.752713823393436;9181.35;
0.752713823393436;9181.35;
0.752713823393436;9181.35;
0.755048543689321;9181.35;
0.755048543689321;9181.35;
0.755048543689321;9165.35;
0.755048543689321;9181.35;
0.757850208044383;9165.35;
0.757850208044383;9165.35;
0.757850208044383;9165.35;
0.757850208044383;9165.35;
0.757850208044383;9149.35;
0.757850208044383;9149.35;
0.757850208044383;9149.35;
0.757850208044383;9149.35;
0.760184928340268;9149.35;
0.760184928340268;9149.35;
0.760184928340268;9133.36;
0.760184928340268;9133.36;
0.760184928340268;9133.36;
0.760184928340268;9133.36;
0.760184928340268;9117.36;
0.760184928340268;9117.36;
0.76298659269533;9117.36;
0.76298659269533;9117.36;
0.76298659269533;9117.36;
0.76298659269533;9117.36;
0.76298659269533;9117.36;
0.76298659269533;9117.36;
0.765788257050393;9101.37;
0.765788257050393;9101.37;
0.765788257050393;9101.37;
0.765788257050393;9101.37;
0.765788257050393;9085.37;
0.768122977346278;9085.37;
0.768122977346278;9085.37;
0.768122977346278;9085.37;
0.768122977346278;9069.38;
0.768122977346278;9085.37;
0.768122977346278;9069.38;
0.768122977346278;9069.38;
0.770924641701341;9053.38;
0.770924641701341;9069.38;
0.770924641701341;9053.38;
0.770924641701341;9053.38;
0.770924641701341;9053.38;
0.770924641701341;9053.38;
0.770924641701341;9037.39;
0.773259361997226;9037.39;
0.773259361997226;9037.39;
0.773259361997226;9037.39;
0.773259361997226;9037.39;
0.773259361997226;9037.39;
0.773259361997226;9021.39;
0.773259361997226;9021.39;
0.773259361997226;9005.4;
0.773259361997226;9021.39;
0.776061026352288;9005.4;
0.776061026352288;9005.4;
0.776061026352288;8989.4;
0.776061026352288;9005.4;
0.77886269070735;8989.4;
0.77886269070735;8989.4;
0.77886269070735;8989.4;
0.77886269070735;8989.4;
0.77886269070735;8973.41;
0.77886269070735;8973.41;
0.77886269070735;8957.41;
0.77886269070735;8973.41;
0.781197411003236;8957.41;
0.781197411003236;8957.41;
0.781197411003236;8957.41;
0.781197411003236;8957.41;
0.781197411003236;8941.41;
0.781197411003236;8941.41;
0.781197411003236;8925.42;
0.781197411003236;8941.41;
0.781197411003236;8925.42;
0.781197411003236;8925.42;
0.783999075358299;8909.42;
0.783999075358299;8909.42;
0.783999075358299;8909.42;
0.783999075358299;8909.42;
0.783999075358299;8909.42;
0.78680073971336;8909.42;
0.78680073971336;8893.43;
0.78680073971336;8893.43;
0.789135460009246;8877.43;
0.789135460009246;8877.43;
0.789135460009246;8877.43;
0.789135460009246;8877.43;
0.789135460009246;8861.44;
0.789135460009246;8861.44;
0.789135460009246;8845.44;
0.789135460009246;8861.44;
0.791937124364309;8845.44;
0.791937124364309;8845.44;
0.791937124364309;8829.45;
0.791937124364309;8829.45;
0.791937124364309;8829.45;
0.791937124364309;8829.45;
0.791937124364309;8813.45;
0.794271844660194;8813.45;
0.794271844660194;8797.46;
0.794271844660194;8813.45;
0.794271844660194;8797.46;
0.794271844660194;8797.46;
0.794271844660194;8781.46;
0.794271844660194;8781.46;
0.797073509015256;8765.47;
0.797073509015256;8781.46;
0.797073509015256;8765.47;
0.797073509015256;8765.47;
0.797073509015256;8749.47;
0.797073509015256;8749.47;
0.797073509015256;8733.47;
0.797073509015256;8749.47;
0.79987517337032;8733.47;
0.79987517337032;8733.47;
0.79987517337032;8717.48;
0.79987517337032;8717.48;
0.79987517337032;8701.48;
0.802209893666204;8701.48;
0.802209893666204;8701.48;
0.802209893666204;8701.48;
0.802209893666204;8685.49;
0.802209893666204;8685.49;
0.802209893666204;8669.49;
0.802209893666204;8685.49;
0.805011558021267;8653.5;
0.805011558021267;8653.5;
0.805011558021267;8637.5;
0.805011558021267;8637.5;
0.805011558021267;8637.5;
0.805011558021267;8637.5;
0.805011558021267;8621.51;
0.805011558021267;8621.51;
0.807346278317151;8605.51;
0.807346278317151;8621.51;
0.807346278317151;8589.52;
0.807346278317151;8589.52;
0.810147942672215;8589.52;
0.810147942672215;8589.52;
0.810147942672215;8573.52;
0.810147942672215;8573.52;
0.810147942672215;8557.53;
0.810147942672215;8557.53;
0.810147942672215;8541.53;
0.810147942672215;8541.53;
0.812949607027277;8525.54;
0.812949607027277;8525.54;
0.812949607027277;8509.54;
0.812949607027277;8509.54;
0.812949607027277;8493.54;
0.812949607027277;8493.54;
0.812949607027277;8477.55;
0.812949607027277;8493.54;
0.815284327323163;8477.55;
0.815284327323163;8477.55;
0.815284327323163;8445.56;
0.815284327323163;8461.55;
0.815284327323163;8429.56;
0.815284327323163;8429.56;
0.818085991678225;8429.56;
0.818085991678225;8429.56;
0.818085991678225;8413.57;
0.818085991678225;8413.57;
0.818085991678225;8397.57;
0.818085991678225;8397.57;
0.820887656033287;8381.58;
0.820887656033287;8365.58;
0.820887656033287;8349.59;
0.820887656033287;8349.59;
0.820887656033287;8333.59;
0.820887656033287;8333.59;
0.823222376329172;8317.6;
0.823222376329172;8317.6;
0.823222376329172;8301.6;
0.823222376329172;8301.6;
0.823222376329172;8285.6;
0.823222376329172;8285.6;
0.823222376329172;8269.61;
0.823222376329172;8269.61;
0.823222376329172;8237.62;
0.823222376329172;8237.62;
0.826024040684234;8221.62;
0.826024040684234;8221.62;
0.826024040684234;8205.63;
0.826024040684234;8205.63;
0.826024040684234;8189.63;
0.826024040684234;8189.63;
0.826024040684234;8157.64;
0.826024040684234;8157.64;
0.828358760980121;8141.65;
0.828358760980121;8141.65;
0.828358760980121;8109.66;
0.828358760980121;8109.66;
0.831160425335183;8093.66;
0.831160425335183;8093.66;
0.831160425335183;8077.66;
0.831160425335183;8061.67;
0.831160425335183;8045.67;
0.831160425335183;8045.67;
0.831160425335183;8029.68;
0.833962089690244;8029.68;
0.833962089690244;7997.69;
0.833962089690244;7997.69;
0.833962089690244;7981.69;
0.833962089690244;7965.7;
0.833962089690244;7949.7;
0.833962089690244;7933.71;
0.83629680998613;7917.71;
0.83629680998613;7917.71;
0.83629680998613;7885.72;
0.83629680998613;7885.72;
0.83629680998613;7869.72;
0.83629680998613;7853.73;
0.83629680998613;7837.73;
0.83629680998613;7821.74;
0.839098474341193;7805.74;
0.839098474341193;7805.74;
0.839098474341193;7773.75;
0.839098474341193;7773.75;
0.841433194637078;7741.76;
0.841433194637078;7725.77;
0.841433194637078;7709.77;
0.841433194637078;7693.78;
0.841433194637078;7677.78;
0.841433194637078;7661.78;
0.841433194637078;7629.79;
0.84423485899214;7629.79;
0.84423485899214;7597.8;
0.84423485899214;7581.81;
0.84423485899214;7565.81;
0.84423485899214;7549.82;
0.84423485899214;7517.83;
0.84423485899214;7501.83;
0.847036523347203;7469.84;
0.847036523347203;7453.84;
0.847036523347203;7421.85;
0.849371243643088;7405.86;
0.849371243643088;7389.86;
0.849371243643088;7373.87;
0.849371243643088;7341.88;
0.849371243643088;7325.88;
0.849371243643088;7277.9;
0.849371243643088;7261.9;
0.849371243643088;7229.91;
0.849371243643088;7197.92;
0.849371243643088;7133.94;
0.85217290799815;7149.93;
0.85217290799815;7085.95;
0.85217290799815;7069.96;
0.85217290799815;7021.97;
0.85217290799815;7005.97;
0.85217290799815;6910.00;
0.854974572353213;6941.99;
0.854974572353213;6814.03;
0.868049006010171;31.99;
0.870383726306057;79.98;
0.870383726306057;127.96;
0.870383726306057;16.00;
0.870383726306057;16.00;
0.873185390661119;31.99;
0.873185390661119;31.99;
0.873185390661119;31.99;
0.873185390661119;31.99;
0.875520110957005;16.00;
0.875520110957005;31.99;
0.875520110957005;31.99;
0.875520110957005;31.99;
0.875520110957005;31.99;
0.875520110957005;31.99;
0.878321775312067;31.99;
0.878321775312067;31.99;
0.878321775312067;31.99;
0.878321775312067;31.99;
0.878321775312067;16.00;
0.878321775312067;31.99;
0.878321775312067;31.99;
0.878321775312067;31.99;
0.88112343966713;16.00;
0.88112343966713;31.99;
0.88112343966713;31.99;
0.88112343966713;31.99;
0.883458159963015;31.99;
0.883458159963015;31.99;
0.883458159963015;31.99;
0.883458159963015;31.99;
0.883458159963015;31.99;
0.883458159963015;31.99;
0.883458159963015;31.99;
0.883458159963015;31.99;
0.883458159963015;31.99;
0.886259824318077;31.99;
0.886259824318077;16.00;
0.886259824318077;31.99;
0.886259824318077;31.99;
0.886259824318077;31.99;
0.886259824318077;16.00;
0.886259824318077;31.99;
0.88906148867314;16.00;
0.88906148867314;31.99;
0.88906148867314;31.99;
0.88906148867314;31.99;
0.88906148867314;16.00;
0.88906148867314;31.99;
0.88906148867314;31.99;
0.88906148867314;31.99;
0.891396208969024;31.99;
0.891396208969024;31.99;
0.891396208969024;16.00;
0.891396208969024;31.99;
0.894197873324087;16.00;
0.894197873324087;31.99;
0.894197873324087;16.00;
0.894197873324087;31.99;
0.894197873324087;16.00;
0.894197873324087;31.99;
0.894197873324087;16.00;
0.894197873324087;31.99;
0.894197873324087;16.00;
0.894197873324087;31.99;
0.896532593619972;16.00;
0.896532593619972;31.99;
0.896532593619972;31.99;
0.896532593619972;31.99;
0.896532593619972;16.00;
0.896532593619972;31.99;
0.899334257975034;16.00;
0.899334257975034;31.99;
0.899334257975034;16.00;
0.899334257975034;31.99;
0.899334257975034;31.99;
0.902135922330097;16.00;
0.902135922330097;31.99;
0.902135922330097;31.99;
0.902135922330097;16.00;
0.902135922330097;31.99;
0.902135922330097;31.99;
0.902135922330097;31.99;
0.904470642625982;31.99;
0.904470642625982;31.99;
0.904470642625982;16.00;
0.904470642625982;31.99;
0.904470642625982;16.00;
0.904470642625982;31.99;
0.907272306981044;16.00;
0.907272306981044;31.99;
0.907272306981044;16.00;
0.907272306981044;31.99;
0.907272306981044;16.00;
0.907272306981044;31.99;
0.907272306981044;16.00;
0.907272306981044;31.99;
0.90960702727693;16.00;
0.90960702727693;31.99;
0.90960702727693;16.00;
0.90960702727693;31.99;
0.90960702727693;31.99;
0.90960702727693;31.99;
0.912408691631992;31.99;
0.912408691631992;31.99;
0.912408691631992;16.00;
0.912408691631992;31.99;
0.912408691631992;16.00;
0.912408691631992;31.99;
0.915210355987054;16.00;
0.915210355987054;31.99;
0.915210355987054;31.99;
0.915210355987054;31.99;
0.915210355987054;16.00;
0.915210355987054;31.99;
0.917545076282941;16.00;
0.917545076282941;31.99;
0.917545076282941;16.00;
0.917545076282941;31.99;
0.917545076282941;16.00;
0.917545076282941;31.99;
0.917545076282941;16.00;
0.917545076282941;31.99;
0.920346740638003;16.00;
0.920346740638003;31.99;
0.920346740638003;16.00;
0.920346740638003;31.99;
0.920346740638003;31.99;
0.920346740638003;31.99;
0.923148404993064;16.00;
0.923148404993064;31.99;
0.923148404993064;16.00;
0.923148404993064;31.99;
0.923148404993064;31.99;
0.923148404993064;31.99;
0.92548312528895;16.00;
0.92548312528895;31.99;
0.92548312528895;16.00;
0.92548312528895;31.99;
0.92548312528895;31.99;
0.928284789644014;16.00;
0.928284789644014;16.00;
0.928284789644014;31.99;
0.928284789644014;31.99;
0.928284789644014;31.99;
0.928284789644014;16.00;
0.928284789644014;31.99;
0.928284789644014;31.99;
0.930619509939898;16.00;
0.930619509939898;16.00;
0.930619509939898;31.99;
0.930619509939898;16.00;
0.930619509939898;31.99;
0.930619509939898;31.99;
0.930619509939898;31.99;
0.933421174294961;16.00;
0.933421174294961;31.99;
0.933421174294961;31.99;
0.933421174294961;31.99;
0.936222838650024;31.99;
0.936222838650024;31.99;
0.936222838650024;16.00;
0.936222838650024;31.99;
0.936222838650024;16.00;
0.936222838650024;31.99;
0.936222838650024;31.99;
0.938557558945909;16.00;
0.938557558945909;16.00;
0.938557558945909;31.99;
0.938557558945909;16.00;
0.938557558945909;31.99;
0.938557558945909;16.00;
0.938557558945909;31.99;
0.941359223300971;16.00;
0.941359223300971;31.99;
0.941359223300971;16.00;
0.941359223300971;31.99;
0.941359223300971;16.00;
0.941359223300971;31.99;
0.941359223300971;16.00;
0.941359223300971;31.99;
0.943693943596856;16.00;
0.943693943596856;31.99;
0.943693943596856;16.00;
0.943693943596856;31.99;
0.946495607951919;16.00;
0.946495607951919;31.99;
0.946495607951919;16.00;
0.946495607951919;31.99;
0.946495607951919;16.00;
0.946495607951919;31.99;
0.946495607951919;16.00;
0.946495607951919;31.99;
0.946495607951919;31.99;
0.946495607951919;31.99;
0.946495607951919;31.99;
0.946495607951919;31.99;
0.949297272306981;16.00;
0.949297272306981;16.00;
0.949297272306981;16.00;
0.949297272306981;31.99;
0.949297272306981;31.99;
0.949297272306981;31.99;
0.949297272306981;31.99;
0.951631992602866;16.00;
0.951631992602866;16.00;
0.951631992602866;31.99;
0.951631992602866;31.99;
0.951631992602866;31.99;
0.951631992602866;16.00;
0.951631992602866;31.99;
0.951631992602866;31.99;
0.951631992602866;31.99;
0.951631992602866;31.99;
0.951631992602866;31.99;
0.954433656957929;16.00;
0.954433656957929;16.00;
0.954433656957929;31.99;
0.954433656957929;31.99;
0.954433656957929;16.00;
0.954433656957929;31.99;
0.954433656957929;16.00;
0.954433656957929;31.99;
0.954433656957929;16.00;
0.954433656957929;31.99;
0.954433656957929;31.99;
0.957235321312991;16.00;
0.957235321312991;16.00;
0.957235321312991;31.99;
0.957235321312991;16.00;
0.957235321312991;31.99;
0.957235321312991;16.00;
0.957235321312991;31.99;
0.957235321312991;16.00;
0.957235321312991;31.99;
0.957235321312991;16.00;
0.957235321312991;31.99;
0.957235321312991;31.99;
0.957235321312991;31.99;
0.957235321312991;31.99;
0.959570041608877;31.99;
0.959570041608877;16.00;
0.959570041608877;16.00;
0.959570041608877;31.99;
0.959570041608877;16.00;
0.959570041608877;16.00;
0.959570041608877;31.99;
0.959570041608877;16.00;
0.959570041608877;31.99;
0.959570041608877;16.00;
0.959570041608877;31.99;
0.959570041608877;16.00;
0.959570041608877;31.99;
0.959570041608877;31.99;
0.959570041608877;31.99;
0.959570041608877;16.00;
0.959570041608877;31.99;
0.959570041608877;16.00;
0.959570041608877;31.99;
0.959570041608877;16.00;
0.959570041608877;31.99;
0.959570041608877;16.00;
0.959570041608877;31.99;
0.959570041608877;16.00;
0.959570041608877;31.99;
0.959570041608877;16.00;
0.959570041608877;31.99;
0.959570041608877;31.99;
0.959570041608877;16.00;
0.959570041608877;31.99;
0.959570041608877;16.00;
0.959570041608877;31.99;
0.959570041608877;16.00;
0.959570041608877;31.99;
0.959570041608877;31.99;
0.959570041608877;47.99;
0.959570041608877;47.99;
0.959570041608877;16.00;
0.959570041608877;31.99;
0.959570041608877;31.99;
0.959570041608877;31.99;
0.959570041608877;31.99;
0.959570041608877;47.99;
0.959570041608877;31.99;
0.959570041608877;31.99;
0.959570041608877;31.99;
0.959570041608877;31.99;
0.959570041608877;47.99;
0.959570041608877;31.99;
0.959570041608877;31.99;
0.959570041608877;47.99;
0.959570041608877;31.99;
0.959570041608877;31.99;
0.959570041608877;47.99;
0.959570041608877;47.99;
0.959570041608877;31.99;
0.959570041608877;16.00;
0.959570041608877;31.99;
0.959570041608877;47.99;
0.959570041608877;47.99;
0.959570041608877;47.99;
0.962371705963935;31.99;
0.962371705963935;16.00;
0.962371705963935;16.00;
0.962371705963935;16.00;
0.962371705963935;16.00;
0.962371705963935;31.99;
0.962371705963935;16.00;
0.962371705963935;16.00;
0.962371705963935;16.00;
0.962371705963935;16.00;
0.962371705963935;16.00;
0.962371705963935;16.00;
0.962371705963935;16.00;
0.962371705963935;16.00;
0.962371705963935;16.00;
0.962371705963935;16.00;
0.962371705963935;16.00;
0.962371705963935;16.00;
0.962371705963935;16.00;
0.962371705963935;31.99;
0.962371705963935;16.00;
0.962371705963935;16.00;
0.962371705963935;16.00;
0.962371705963935;16.00;
