Al Mg3;
Déplacement (mm);Force (N)
0;0
0;0
0;16
0;0
0;0
0;0
0;0
0;0
0;0
0;0
0;0
0;0
0;0
0;0
0;16
0;0
0;0
0;0
0;0
0;0
0;0
0;0
0;0
0;0
0;0
0;0
0;0
0;0
0;0
0;0
0;0
0;0
0;0
0;0
0;0
0;0
0;0
0;0
0;0
0;0
0;0
0;0
0;0
0;31.99
0;47.99
0;79.98
0;95.97
0.00865531914893617;95.97
0.00865531914893617;95.97
0.00865531914893617;111.97
0.015868085106383;95.97
0.015868085106383;111.97
0.0245234042553191;95.97
0.0245234042553191;111.97
0.0245234042553191;111.97
0.031736170212766;95.97
0.031736170212766;95.97
0.031736170212766;95.97
0.0403914893617021;95.97
0.0403914893617021;111.97
0.0403914893617021;95.97
0.0403914893617021;127.96
0.0490468085106383;127.96
0.0490468085106383;111.97
0.0562595744680851;95.97
0.0562595744680851;127.96
0.0562595744680851;159.95
0.0562595744680851;191.94
0.0562595744680851;207.94
0.0649148936170213;191.94
0.0649148936170213;191.94
0.0649148936170213;207.94
0.0649148936170213;207.94
0.0649148936170213;239.93
0.0649148936170213;239.93
0.0649148936170213;255.93
0.0649148936170213;255.93
0.0649148936170213;287.92
0.0649148936170213;351.9
0.0649148936170213;399.88
0.0735702127659574;287.92
0.0735702127659574;463.87
0.0735702127659574;511.85
0.0735702127659574;575.83
0.0735702127659574;623.82
0.0735702127659574;703.8
0.0807829787234043;751.78
0.0807829787234043;815.76
0.0807829787234043;863.75
0.0807829787234043;943.73
0.0894382978723404;991.71
0.0894382978723404;1055.69
0.0894382978723404;1087.69
0.0894382978723404;1167.66
0.0894382978723404;1263.63
0.0966510638297872;1199.65
0.0966510638297872;1311.62
0.0966510638297872;1375.6
0.0966510638297872;1423.59
0.0966510638297872;1471.57
0.0966510638297872;1503.57
0.0966510638297872;1567.55
0.0966510638297872;1599.54
0.0966510638297872;1663.52
0.0966510638297872;1695.51
0.0966510638297872;1743.5
0.105306382978723;1775.49
0.105306382978723;1823.47
0.105306382978723;1887.45
0.105306382978723;1951.44
0.105306382978723;1999.42
0.11396170212766;1839.47
0.11396170212766;1903.45
0.11396170212766;1967.43
0.11396170212766;2015.42
0.11396170212766;2047.41
0.11396170212766;2047.41
0.11396170212766;2079.4
0.11396170212766;2079.4
0.11396170212766;2111.39
0.11396170212766;2111.39
0.11396170212766;2143.38
0.11396170212766;2143.38
0.11396170212766;2175.37
0.11396170212766;2223.36
0.121174468085106;2191.37
0.121174468085106;2239.35
0.121174468085106;2287.34
0.121174468085106;2287.34
0.121174468085106;2319.33
0.121174468085106;2335.32
0.121174468085106;2367.32
0.121174468085106;2367.32
0.121174468085106;2399.31
0.129829787234043;2399.31
0.129829787234043;2431.3
0.129829787234043;2431.3
0.129829787234043;2463.29
0.129829787234043;2463.29
0.129829787234043;2495.28
0.129829787234043;2511.27
0.129829787234043;2543.26
0.129829787234043;2543.26
0.129829787234043;2575.26
0.137042553191489;2575.26
0.137042553191489;2607.25
0.137042553191489;2607.25
0.137042553191489;2639.24
0.137042553191489;2671.23
0.145697872340426;2639.24
0.145697872340426;2671.23
0.145697872340426;2687.22
0.145697872340426;2687.22
0.145697872340426;2703.22
0.145697872340426;2703.22
0.145697872340426;2735.21
0.145697872340426;2751.2
0.154353191489362;2735.21
0.154353191489362;2751.2
0.154353191489362;2767.2
0.154353191489362;2767.2
0.154353191489362;2783.2
0.154353191489362;2799.19
0.154353191489362;2799.19
0.154353191489362;2815.19
0.161565957446809;2783.2
0.161565957446809;2799.19
0.161565957446809;2815.19
0.161565957446809;2815.19
0.161565957446809;2815.19
0.161565957446809;2815.19
0.170221276595745;2815.19
0.170221276595745;2815.19
0.170221276595745;2815.19
0.170221276595745;2815.19
0.170221276595745;2815.19
0.170221276595745;2831.18
0.178876595744681;2799.19
0.178876595744681;2815.19
0.178876595744681;2831.18
0.178876595744681;2815.19
0.178876595744681;2831.18
0.178876595744681;2815.19
0.178876595744681;2847.18
0.186089361702128;2831.18
0.186089361702128;2847.18
0.186089361702128;2847.18
0.186089361702128;2863.17
0.186089361702128;2847.18
0.186089361702128;2863.17
0.186089361702128;2895.16
0.194744680851064;2863.17
0.194744680851064;2895.16
0.194744680851064;2927.15
0.194744680851064;2911.16
0.194744680851064;2943.15
0.194744680851064;2927.15
0.194744680851064;2943.15
0.194744680851064;2959.14
0.201957446808511;2943.15
0.201957446808511;2943.15
0.201957446808511;2959.14
0.201957446808511;2943.15
0.201957446808511;2959.14
0.201957446808511;2975.14
0.210612765957447;2959.14
0.210612765957447;2975.14
0.210612765957447;2991.14
0.210612765957447;2959.14
0.210612765957447;2991.14
0.210612765957447;3007.13
0.219268085106383;2991.14
0.219268085106383;3007.13
0.219268085106383;3023.13
0.219268085106383;3023.13
0.219268085106383;3039.12
0.219268085106383;3023.13
0.219268085106383;3055.12
0.219268085106383;3055.12
0.219268085106383;3071.11
0.22648085106383;3039.12
0.22648085106383;3055.12
0.22648085106383;3071.11
0.22648085106383;3087.11
0.22648085106383;3071.11
0.22648085106383;3087.11
0.22648085106383;3103.1
0.235136170212766;3071.11
0.235136170212766;3103.1
0.235136170212766;3103.1
0.235136170212766;3087.11
0.235136170212766;3119.1
0.235136170212766;3135.09
0.242348936170213;3119.1
0.242348936170213;3119.1
0.242348936170213;3135.09
0.242348936170213;3119.1
0.242348936170213;3151.09
0.242348936170213;3135.09
0.242348936170213;3151.09
0.242348936170213;3167.08
0.251004255319149;3135.09
0.251004255319149;3167.08
0.251004255319149;3199.08
0.251004255319149;3183.08
0.251004255319149;3167.08
0.251004255319149;3199.08
0.259659574468085;3183.08
0.259659574468085;3199.08
0.259659574468085;3231.07
0.259659574468085;3199.08
0.259659574468085;3231.07
0.259659574468085;3215.07
0.259659574468085;3231.07
0.259659574468085;3247.06
0.266872340425532;3231.07
0.266872340425532;3231.07
0.266872340425532;3263.06
0.266872340425532;3247.06
0.266872340425532;3263.06
0.266872340425532;3247.06
0.275527659574468;3247.06
0.275527659574468;3247.06
0.275527659574468;3279.05
0.284182978723404;3263.06
0.284182978723404;3295.05
0.284182978723404;3279.05
0.284182978723404;3311.04
0.284182978723404;3279.05
0.284182978723404;3327.04
0.284182978723404;3327.04
0.284182978723404;3311.04
0.284182978723404;3327.04
0.291395744680851;3311.04
0.291395744680851;3327.04
0.291395744680851;3343.03
0.291395744680851;3311.04
0.291395744680851;3343.03
0.291395744680851;3375.02
0.300051063829787;3359.03
0.300051063829787;3359.03
0.300051063829787;3343.03
0.300051063829787;3343.03
0.300051063829787;3359.03
0.300051063829787;3359.03
0.300051063829787;3375.02
0.307263829787234;3359.03
0.307263829787234;3391.02
0.307263829787234;3375.02
0.307263829787234;3407.01
0.307263829787234;3407.01
0.307263829787234;3407.01
0.307263829787234;3439.01
0.31591914893617;3375.02
0.31591914893617;3423.01
0.31591914893617;3439.01
0.31591914893617;3423.01
0.31591914893617;3439.01
0.31591914893617;3423.01
0.324574468085106;3391.02
0.324574468085106;3439.01
0.324574468085106;3471
0.324574468085106;3439.01
0.324574468085106;3471
0.324574468085106;3471
0.324574468085106;3486.99
0.331787234042553;3455
0.331787234042553;3471
0.331787234042553;3471
0.331787234042553;3486.99
0.331787234042553;3471
0.331787234042553;3502.99
0.340442553191489;3486.99
0.340442553191489;3518.98
0.340442553191489;3502.99
0.340442553191489;3518.98
0.340442553191489;3502.99
0.340442553191489;3518.98
0.340442553191489;3518.98
0.340442553191489;3534.98
0.340442553191489;3534.98
0.347655319148936;3502.99
0.347655319148936;3550.97
0.347655319148936;3582.96
0.347655319148936;3566.97
0.347655319148936;3582.96
0.347655319148936;3534.98
0.347655319148936;3550.97
0.356310638297872;3534.98
0.356310638297872;3566.97
0.356310638297872;3550.97
0.356310638297872;3582.96
0.356310638297872;3582.96
0.364965957446808;3566.97
0.364965957446808;3566.97
0.364965957446808;3614.95
0.364965957446808;3614.95
0.364965957446808;3646.95
0.364965957446808;3630.95
0.364965957446808;3582.96
0.372178723404255;3582.96
0.372178723404255;3614.95
0.372178723404255;3598.96
0.372178723404255;3614.95
0.372178723404255;3614.95
0.372178723404255;3630.95
0.372178723404255;3614.95
0.372178723404255;3630.95
0.380834042553192;3630.95
0.380834042553192;3646.95
0.380834042553192;3646.95
0.380834042553192;3646.95
0.380834042553192;3630.95
0.380834042553192;3662.94
0.380834042553192;3710.93
0.389489361702128;3678.94
0.389489361702128;3694.93
0.389489361702128;3710.93
0.389489361702128;3662.94
0.389489361702128;3710.93
0.389489361702128;3710.93
0.396702127659574;3662.94
0.396702127659574;3726.92
0.396702127659574;3742.92
0.396702127659574;3662.94
0.396702127659574;3726.92
0.396702127659574;3710.93
0.396702127659574;3726.92
0.405357446808511;3742.92
0.405357446808511;3774.91
0.405357446808511;3694.93
0.405357446808511;3726.92
0.405357446808511;3726.92
0.405357446808511;3742.92
0.412570212765957;3726.92
0.412570212765957;3758.91
0.412570212765957;3742.92
0.412570212765957;3758.91
0.412570212765957;3742.92
0.412570212765957;3758.91
0.421225531914894;3758.91
0.421225531914894;3774.91
0.421225531914894;3742.92
0.421225531914894;3790.9
0.421225531914894;3806.9
0.421225531914894;3822.89
0.421225531914894;3806.9
0.421225531914894;3822.89
0.421225531914894;3870.88
0.42988085106383;3838.89
0.42988085106383;3790.9
0.42988085106383;3790.9
0.42988085106383;3790.9
0.42988085106383;3806.9
0.42988085106383;3822.89
0.437093617021277;3806.9
0.437093617021277;3806.9
0.437093617021277;3822.89
0.437093617021277;3822.89
0.437093617021277;3854.89
0.437093617021277;3838.89
0.445748936170213;3854.89
0.445748936170213;3854.89
0.445748936170213;3902.87
0.445748936170213;3886.88
0.445748936170213;3934.86
0.445748936170213;3918.87
0.445748936170213;3838.89
0.445748936170213;3854.89
0.45296170212766;3838.89
0.45296170212766;3854.89
0.45296170212766;3870.88
0.45296170212766;3854.89
0.45296170212766;3886.88
0.45296170212766;3886.88
0.461617021276596;3870.88
0.461617021276596;3870.88
0.461617021276596;3902.87
0.461617021276596;3886.88
0.461617021276596;3902.87
0.461617021276596;3870.88
0.461617021276596;3902.87
0.470272340425532;3902.87
0.470272340425532;3934.86
0.470272340425532;3934.86
0.470272340425532;3918.87
0.470272340425532;3886.88
0.470272340425532;3950.86
0.470272340425532;3966.85
0.470272340425532;3966.85
0.477485106382979;3950.86
0.477485106382979;3950.86
0.477485106382979;3950.86
0.477485106382979;3966.85
0.477485106382979;3950.86
0.477485106382979;3950.86
0.477485106382979;4014.84
0.486140425531915;3966.85
0.486140425531915;3998.84
0.486140425531915;3950.86
0.486140425531915;3982.85
0.486140425531915;4014.84
0.486140425531915;3998.84
0.494795744680851;3966.85
0.494795744680851;3982.85
0.494795744680851;3998.84
0.494795744680851;3982.85
0.494795744680851;3998.84
0.494795744680851;4014.84
0.494795744680851;4030.83
0.502008510638298;3998.84
0.502008510638298;3998.84
0.502008510638298;3998.84
0.502008510638298;4030.83
0.502008510638298;4046.83
0.502008510638298;4078.82
0.502008510638298;4062.83
0.510663829787234;4062.83
0.510663829787234;4062.83
0.510663829787234;4094.82
0.510663829787234;4094.82
0.510663829787234;4062.83
0.510663829787234;4078.82
0.510663829787234;4142.8
0.517876595744681;4062.83
0.517876595744681;4046.83
0.517876595744681;4046.83
0.517876595744681;4062.83
0.517876595744681;4078.82
0.526531914893617;4046.83
0.526531914893617;4062.83
0.526531914893617;4078.82
0.526531914893617;4078.82
0.526531914893617;4110.81
0.526531914893617;4094.82
0.526531914893617;4110.81
0.526531914893617;4126.81
0.535187234042553;4094.82
0.535187234042553;4110.81
0.535187234042553;4126.81
0.535187234042553;4142.8
0.535187234042553;4206.78
0.535187234042553;4190.79
0.535187234042553;4206.78
0.5424;4190.79
0.5424;4174.79
0.5424;4174.79
0.5424;4094.82
0.5424;4078.82
0.5424;4094.82
0.551055319148936;4094.82
0.551055319148936;4110.81
0.551055319148936;4094.82
0.551055319148936;4126.81
0.551055319148936;4110.81
0.551055319148936;4126.81
0.551055319148936;4142.8
0.558268085106383;4110.81
0.558268085106383;4126.81
0.558268085106383;4142.8
0.558268085106383;4126.81
0.558268085106383;4142.8
0.558268085106383;4158.8
0.558268085106383;4174.79
0.566923404255319;4126.81
0.566923404255319;4142.8
0.566923404255319;4158.8
0.566923404255319;4174.79
0.566923404255319;4174.79
0.566923404255319;4190.79
0.575578723404255;4158.8
0.575578723404255;4174.79
0.575578723404255;4142.8
0.575578723404255;4174.79
0.575578723404255;4190.79
0.575578723404255;4222.78
0.575578723404255;4222.78
0.575578723404255;4238.77
0.575578723404255;4238.77
0.575578723404255;4238.77
0.582791489361702;4222.78
0.582791489361702;4190.79
0.582791489361702;4254.77
0.582791489361702;4238.77
0.582791489361702;4254.77
0.591446808510638;4222.78
0.591446808510638;4222.78
0.591446808510638;4222.78
0.591446808510638;4206.78
0.591446808510638;4254.77
0.591446808510638;4270.77
0.591446808510638;4270.77
0.591446808510638;4270.77
0.600102127659574;4238.77
0.600102127659574;4254.77
0.600102127659574;4270.77
0.600102127659574;4254.77
0.600102127659574;4302.76
0.600102127659574;4318.75
0.600102127659574;4350.74
0.607314893617021;4318.75
0.607314893617021;4334.75
0.607314893617021;4302.76
0.607314893617021;4334.75
0.607314893617021;4334.75
0.607314893617021;4350.74
0.607314893617021;4318.75
0.615970212765957;4318.75
0.615970212765957;4334.75
0.615970212765957;4382.73
0.615970212765957;4286.76
0.615970212765957;4302.76
0.615970212765957;4318.75
0.623182978723404;4270.77
0.623182978723404;4286.76
0.623182978723404;4302.76
0.623182978723404;4302.76
0.623182978723404;4334.75
0.623182978723404;4318.75
0.623182978723404;4350.74
0.63183829787234;4334.75
0.63183829787234;4350.74
0.63183829787234;4334.75
0.63183829787234;4366.74
0.63183829787234;4350.74
0.63183829787234;4382.73
0.63183829787234;4398.73
0.640493617021277;4350.74
0.640493617021277;4398.73
0.640493617021277;4462.71
0.640493617021277;4446.71
0.640493617021277;4462.71
0.640493617021277;4414.72
0.640493617021277;4334.75
0.647706382978723;4414.72
0.647706382978723;4302.76
0.647706382978723;4334.75
0.647706382978723;4334.75
0.647706382978723;4334.75
0.647706382978723;4350.74
0.65636170212766;4334.75
0.65636170212766;4366.74
0.65636170212766;4350.74
0.65636170212766;4366.74
0.65636170212766;4366.74
0.65636170212766;4382.73
0.65636170212766;4382.73
0.663574468085106;4350.74
0.663574468085106;4350.74
0.663574468085106;4366.74
0.663574468085106;4366.74
0.663574468085106;4398.73
0.663574468085106;4382.73
0.663574468085106;4398.73
0.663574468085106;4414.72
0.672229787234043;4398.73
0.672229787234043;4398.73
0.672229787234043;4414.72
0.672229787234043;4398.73
0.672229787234043;4414.72
0.672229787234043;4414.72
0.680885106382979;4398.73
0.680885106382979;4398.73
0.680885106382979;4430.72
0.680885106382979;4430.72
0.680885106382979;4446.71
0.680885106382979;4446.71
0.680885106382979;4462.71
0.680885106382979;4446.71
0.688097872340425;4430.72
0.688097872340425;4446.71
0.688097872340425;4462.71
0.688097872340425;4462.71
0.688097872340425;4478.71
0.696753191489362;4446.71
0.696753191489362;4430.72
0.696753191489362;4462.71
0.696753191489362;4478.71
0.696753191489362;4414.72
0.696753191489362;4446.71
0.696753191489362;4510.7
0.705408510638298;4478.71
0.705408510638298;4494.7
0.705408510638298;4526.69
0.705408510638298;4494.7
0.705408510638298;4478.71
0.705408510638298;4478.71
0.705408510638298;4542.69
0.705408510638298;4526.69
0.705408510638298;4478.71
0.712621276595745;4494.7
0.712621276595745;4526.69
0.712621276595745;4494.7
0.712621276595745;4542.69
0.712621276595745;4574.68
0.721276595744681;4558.68
0.721276595744681;4526.69
0.721276595744681;4558.68
0.721276595744681;4542.69
0.721276595744681;4590.67
0.721276595744681;4606.67
0.721276595744681;4542.69
0.728489361702128;4590.67
0.728489361702128;4510.7
0.728489361702128;4494.7
0.728489361702128;4526.69
0.728489361702128;4510.7
0.728489361702128;4542.69
0.728489361702128;4542.69
0.737144680851064;4526.69
0.737144680851064;4542.69
0.737144680851064;4558.68
0.737144680851064;4542.69
0.737144680851064;4574.68
0.737144680851064;4590.67
0.7458;4558.68
0.7458;4574.68
0.7458;4590.67
0.7458;4574.68
0.7458;4590.67
0.7458;4590.67
0.7458;4606.67
0.7458;4590.67
0.7458;4590.67
0.7458;4606.67
0.753012765957447;4590.67
0.753012765957447;4590.67
0.753012765957447;4606.67
0.753012765957447;4590.67
0.761668085106383;4590.67
0.761668085106383;4590.67
0.761668085106383;4638.66
0.761668085106383;4654.65
0.761668085106383;4686.64
0.761668085106383;4702.64
0.761668085106383;4574.68
0.76888085106383;4686.64
0.76888085106383;4526.69
0.76888085106383;4574.68
0.76888085106383;4574.68
0.76888085106383;4558.68
0.76888085106383;4574.68
0.76888085106383;4590.67
0.76888085106383;4590.67
0.777536170212766;4558.68
0.777536170212766;4574.68
0.777536170212766;4574.68
0.777536170212766;4590.67
0.777536170212766;4574.68
0.777536170212766;4606.67
0.777536170212766;4574.68
0.777536170212766;4606.67
0.777536170212766;4606.67
0.786191489361702;4590.67
0.786191489361702;4590.67
0.786191489361702;4622.66
0.786191489361702;4606.67
0.786191489361702;4622.66
0.793404255319149;4606.67
0.793404255319149;4622.66
0.793404255319149;4606.67
0.793404255319149;4622.66
0.793404255319149;4638.66
0.802059574468085;4606.67
0.802059574468085;4606.67
0.802059574468085;4638.66
0.802059574468085;4622.66
0.802059574468085;4654.65
0.802059574468085;4654.65
0.810714893617021;4638.66
0.810714893617021;4654.65
0.810714893617021;4670.65
0.810714893617021;4654.65
0.810714893617021;4670.65
0.810714893617021;4638.66
0.810714893617021;4670.65
0.817927659574468;4654.65
0.817927659574468;4686.64
0.817927659574468;4654.65
0.817927659574468;4686.64
0.817927659574468;4654.65
0.817927659574468;4670.65
0.817927659574468;4670.65
0.817927659574468;4702.64
0.826582978723404;4654.65
0.826582978723404;4670.65
0.826582978723404;4686.64
0.826582978723404;4686.64
0.826582978723404;4654.65
0.826582978723404;4702.64
0.826582978723404;4686.64
0.826582978723404;4750.63
0.833795744680851;4702.64
0.833795744680851;4702.64
0.833795744680851;4734.63
0.833795744680851;4766.62
0.833795744680851;4702.64
0.842451063829787;4734.63
0.842451063829787;4702.64
0.842451063829787;4734.63
0.842451063829787;4686.64
0.842451063829787;4718.64
0.842451063829787;4734.63
0.842451063829787;4750.63
0.842451063829787;4782.62
0.851106382978723;4734.63
0.851106382978723;4766.62
0.851106382978723;4798.61
0.851106382978723;4798.61
0.851106382978723;4798.61
0.85831914893617;4782.62
0.85831914893617;4782.62
0.85831914893617;4766.62
0.85831914893617;4782.62
0.85831914893617;4750.63
0.85831914893617;4766.62
0.85831914893617;4734.63
0.866974468085106;4750.63
0.866974468085106;4718.64
0.866974468085106;4766.62
0.866974468085106;4782.62
0.866974468085106;4798.61
0.866974468085106;4702.64
0.866974468085106;4734.63
0.866974468085106;4734.63
0.874187234042553;4718.64
0.874187234042553;4734.63
0.874187234042553;4750.63
0.874187234042553;4734.63
0.874187234042553;4766.62
0.882842553191489;4750.63
0.882842553191489;4782.62
0.882842553191489;4766.62
0.882842553191489;4830.6
0.882842553191489;4862.59
0.891497872340426;4718.64
0.891497872340426;4782.62
0.891497872340426;4814.61
0.891497872340426;4862.59
0.891497872340426;4894.58
0.891497872340426;4862.59
0.891497872340426;4862.59
0.891497872340426;4846.6
0.891497872340426;4894.58
0.891497872340426;4926.58
0.898710638297872;4894.58
0.898710638297872;4734.63
0.898710638297872;4782.62
0.898710638297872;4782.62
0.898710638297872;4782.62
0.898710638297872;4782.62
0.907365957446809;4766.62
0.907365957446809;4766.62
0.907365957446809;4782.62
0.907365957446809;4766.62
0.907365957446809;4798.61
0.907365957446809;4798.61
0.907365957446809;4798.61
0.916021276595745;4782.62
0.916021276595745;4782.62
0.916021276595745;4782.62
0.916021276595745;4798.61
0.916021276595745;4814.61
0.923234042553192;4782.62
0.923234042553192;4798.61
0.923234042553192;4814.61
0.923234042553192;4798.61
0.923234042553192;4814.61
0.923234042553192;4798.61
0.923234042553192;4830.6
0.923234042553192;4830.6
0.931889361702128;4814.61
0.931889361702128;4814.61
0.931889361702128;4830.6
0.931889361702128;4830.6
0.931889361702128;4830.6
0.939102127659574;4814.61
0.939102127659574;4814.61
0.939102127659574;4814.61
0.939102127659574;4846.6
0.939102127659574;4830.6
0.939102127659574;4862.59
0.939102127659574;4862.59
0.939102127659574;4862.59
0.947757446808511;4846.6
0.947757446808511;4846.6
0.947757446808511;4846.6
0.947757446808511;4862.59
0.947757446808511;4862.59
0.947757446808511;4878.59
0.956412765957447;4846.6
0.956412765957447;4846.6
0.956412765957447;4846.6
0.956412765957447;4878.59
0.956412765957447;4846.6
0.956412765957447;4862.59
0.956412765957447;4878.59
0.963625531914894;4846.6
0.963625531914894;4846.6
0.963625531914894;4862.59
0.963625531914894;4862.59
0.963625531914894;4894.58
0.963625531914894;4878.59
0.963625531914894;4910.58
0.97228085106383;4878.59
0.97228085106383;4862.59
0.97228085106383;4862.59
0.97228085106383;4894.58
0.97228085106383;4894.58
0.979493617021277;4894.58
0.979493617021277;4862.59
0.979493617021277;4910.58
0.979493617021277;4910.58
0.979493617021277;4910.58
0.979493617021277;4878.59
0.979493617021277;4910.58
0.979493617021277;4942.57
0.988148936170213;4910.58
0.988148936170213;4926.58
0.988148936170213;4942.57
0.988148936170213;4926.58
0.988148936170213;4974.56
0.988148936170213;4990.56
0.988148936170213;5022.55
0.988148936170213;4910.58
0.996804255319149;4862.59
0.996804255319149;4926.58
0.996804255319149;4974.56
0.996804255319149;4910.58
0.996804255319149;4974.56
0.996804255319149;4958.57
1.0040170212766;4942.57
1.0040170212766;4958.57
1.0040170212766;4974.56
1.0040170212766;4958.57
1.0040170212766;4990.56
1.0040170212766;4910.58
1.0040170212766;4942.57
1.01267234042553;4958.57
1.01267234042553;4990.56
1.01267234042553;4974.56
1.01267234042553;5006.55
1.01267234042553;5022.55
1.02132765957447;5006.55
1.02132765957447;4990.56
1.02132765957447;4990.56
1.02132765957447;4926.58
1.02132765957447;4958.57
1.02132765957447;4926.58
1.02132765957447;4926.58
1.02132765957447;4926.58
1.02854042553192;4910.58
1.02854042553192;4910.58
1.02854042553192;4926.58
1.02854042553192;4926.58
1.02854042553192;4958.57
1.02854042553192;4958.57
1.02854042553192;4958.57
1.03719574468085;4942.57
1.03719574468085;4942.57
1.03719574468085;4942.57
1.03719574468085;4974.56
1.03719574468085;5038.54
1.03719574468085;4958.57
1.03719574468085;4990.56
1.0444085106383;4990.56
1.0444085106383;5006.55
1.0444085106383;4926.58
1.0444085106383;4990.56
1.0444085106383;5022.55
1.0444085106383;5054.54
1.0444085106383;5022.55
1.05306382978723;5006.55
1.05306382978723;5022.55
1.05306382978723;5022.55
1.05306382978723;5086.53
1.05306382978723;5070.53
1.05306382978723;5086.53
1.06171914893617;5070.53
1.06171914893617;5038.54
1.06171914893617;5086.53
1.06171914893617;5118.52
1.06171914893617;5102.52
1.06171914893617;4958.57
1.06171914893617;4990.56
1.06893191489362;4942.57
1.06893191489362;4942.57
1.06893191489362;4974.56
1.06893191489362;4958.57
1.06893191489362;4974.56
1.06893191489362;4974.56
1.06893191489362;4974.56
1.07758723404255;4958.57
1.07758723404255;4958.57
1.07758723404255;4958.57
1.07758723404255;4974.56
1.07758723404255;4974.56
1.07758723404255;4990.56
1.0848;4958.57
1.0848;4974.56
1.0848;4958.57
1.0848;4990.56
1.0848;4974.56
1.0848;4990.56
1.09345531914894;4974.56
1.09345531914894;5006.55
1.09345531914894;4974.56
1.09345531914894;5006.55
1.09345531914894;5006.55
1.09345531914894;5006.55
1.10211063829787;4990.56
1.10211063829787;4990.56
1.10211063829787;5006.55
1.10211063829787;4990.56
1.10211063829787;4990.56
1.10211063829787;5006.55
1.10211063829787;4990.56
1.10211063829787;5006.55
1.10211063829787;5022.55
1.10932340425532;4990.56
1.10932340425532;5006.55
1.10932340425532;5022.55
1.10932340425532;5038.54
1.11797872340426;5006.55
1.11797872340426;5022.55
1.11797872340426;5038.54
1.11797872340426;5022.55
1.11797872340426;5038.54
1.11797872340426;5022.55
1.11797872340426;5038.54
1.11797872340426;5038.54
1.11797872340426;5054.54
1.12663404255319;5022.55
1.12663404255319;5022.55
1.12663404255319;5022.55
1.12663404255319;5054.54
1.12663404255319;5054.54
1.12663404255319;5038.54
1.13384680851064;5022.55
1.13384680851064;5022.55
1.13384680851064;5022.55
1.13384680851064;5054.54
1.13384680851064;5022.55
1.13384680851064;5038.54
1.13384680851064;5054.54
1.14250212765957;5022.55
1.14250212765957;5038.54
1.14250212765957;5070.53
1.14250212765957;5054.54
1.14250212765957;5086.53
1.14250212765957;5102.52
1.14971489361702;5070.53
1.14971489361702;5070.53
1.14971489361702;5102.52
1.14971489361702;5102.52
1.14971489361702;5134.52
1.14971489361702;5118.52
1.14971489361702;5134.52
1.15837021276596;5102.52
1.15837021276596;5134.52
1.15837021276596;5118.52
1.15837021276596;5166.51
1.15837021276596;5086.53
1.15837021276596;5102.52
1.15837021276596;5118.52
1.15837021276596;5166.51
1.15837021276596;5134.52
1.16702553191489;5086.53
1.16702553191489;5134.52
1.16702553191489;5118.52
1.16702553191489;5102.52
1.16702553191489;5134.52
1.16702553191489;5134.52
1.17423829787234;5102.52
1.17423829787234;5118.52
1.17423829787234;5134.52
1.17423829787234;5134.52
1.17423829787234;5166.51
1.17423829787234;5166.51
1.18289361702128;5150.51
1.18289361702128;5150.51
1.18289361702128;5166.51
1.18289361702128;5134.52
1.18289361702128;5134.52
1.18289361702128;5118.52
1.18289361702128;5086.53
1.19010638297872;5102.52
1.19010638297872;5070.53
1.19010638297872;5070.53
1.19010638297872;5086.53
1.19010638297872;5070.53
1.19010638297872;5102.52
1.19010638297872;5118.52
1.19876170212766;5086.53
1.19876170212766;5102.52
1.19876170212766;5134.52
1.19876170212766;5118.52
1.19876170212766;5134.52
1.19876170212766;5150.51
1.2074170212766;5118.52
1.2074170212766;5134.52
1.2074170212766;5166.51
1.2074170212766;5150.51
1.2074170212766;5182.5
1.2074170212766;5102.52
1.2074170212766;5150.51
1.21462978723404;5150.51
1.21462978723404;5102.52
1.21462978723404;5102.52
1.21462978723404;5118.52
1.21462978723404;5134.52
1.21462978723404;5134.52
1.22328510638298;5118.52
1.22328510638298;5102.52
1.22328510638298;5150.51
1.22328510638298;5118.52
1.22328510638298;5118.52
1.22328510638298;5134.52
1.22328510638298;5150.51
1.22328510638298;5150.51
1.23194042553191;5118.52
1.23194042553191;5118.52
1.23194042553191;5118.52
1.23194042553191;5150.51
1.23194042553191;5150.51
1.23194042553191;5150.51
1.23915319148936;5134.52
1.23915319148936;5134.52
1.23915319148936;5134.52
1.23915319148936;5166.51
1.23915319148936;5150.51
1.23915319148936;5150.51
1.23915319148936;5150.51
1.2478085106383;5134.52
1.2478085106383;5134.52
1.2478085106383;5134.52
1.2478085106383;5134.52
1.2478085106383;5166.51
1.2478085106383;5150.51
1.2478085106383;5166.51
1.2478085106383;5166.51
1.25502127659574;5150.51
1.25502127659574;5150.51
1.25502127659574;5166.51
1.25502127659574;5150.51
1.25502127659574;5182.5
1.25502127659574;5182.5
1.26367659574468;5166.51
1.26367659574468;5166.51
1.26367659574468;5182.5
1.26367659574468;5166.51
1.26367659574468;5182.5
1.26367659574468;5166.51
1.26367659574468;5182.5
1.26367659574468;5166.51
1.26367659574468;5182.5
1.26367659574468;5182.5
1.26367659574468;5182.5
1.27233191489362;5166.51
1.27233191489362;5166.51
1.27233191489362;5182.5
1.27954468085106;5166.51
1.27954468085106;5166.51
1.27954468085106;5182.5
1.27954468085106;5166.51
1.27954468085106;5198.5
1.27954468085106;5166.51
1.27954468085106;5182.5
1.2882;5182.5
1.2882;5150.51
1.2882;5166.51
1.2882;5182.5
1.2882;5182.5
1.2882;5198.5
1.2882;5166.51
1.2882;5214.49
1.2882;5214.49
1.2882;5230.49
1.29541276595745;5198.5
1.29541276595745;5198.5
1.29541276595745;5198.5
1.29541276595745;5246.48
1.29541276595745;5246.48
1.30406808510638;5230.49
1.30406808510638;5246.48
1.30406808510638;5262.48
1.30406808510638;5246.48
1.30406808510638;5230.49
1.31272340425532;5246.48
1.31272340425532;5214.49
1.31272340425532;5214.49
1.31272340425532;5166.51
1.31272340425532;5214.49
1.31272340425532;5246.48
1.31993617021277;5150.51
1.31993617021277;5214.49
1.31993617021277;5198.5
1.31993617021277;5230.49
1.31993617021277;5230.49
1.31993617021277;5246.48
1.31993617021277;5246.48
1.31993617021277;5246.48
1.31993617021277;5262.48
1.3285914893617;5230.49
1.3285914893617;5230.49
1.3285914893617;5230.49
1.3285914893617;5246.48
1.3285914893617;5246.48
1.3285914893617;5230.49
1.3285914893617;5294.47
1.33724680851064;5214.49
1.33724680851064;5230.49
1.33724680851064;5294.47
1.33724680851064;5326.46
1.33724680851064;5310.46
1.33724680851064;5294.47
1.33724680851064;5294.47
1.34445957446809;5246.48
1.34445957446809;5294.47
1.34445957446809;5326.46
1.34445957446809;5262.48
1.35311489361702;5262.48
1.35311489361702;5262.48
1.35311489361702;5310.46
1.35311489361702;5326.46
1.35311489361702;5374.45
1.35311489361702;5358.45
1.35311489361702;5374.45
1.35311489361702;5230.49
1.35311489361702;5278.47
1.36032765957447;5358.45
1.36032765957447;5214.49
1.36032765957447;5294.47
1.36032765957447;5246.48
1.36032765957447;5294.47
1.36032765957447;5262.48
1.3689829787234;5246.48
1.3689829787234;5230.49
1.3689829787234;5278.47
1.3689829787234;5262.48
1.3689829787234;5246.48
1.3689829787234;5294.47
1.37763829787234;5246.48
1.37763829787234;5278.47
1.37763829787234;5278.47
1.37763829787234;5262.48
1.37763829787234;5262.48
1.37763829787234;5294.47
1.37763829787234;5246.48
1.37763829787234;5278.47
1.37763829787234;5278.47
1.37763829787234;5294.47
1.38485106382979;5278.47
1.38485106382979;5262.48
1.38485106382979;5246.48
1.38485106382979;5294.47
1.38485106382979;5278.47
1.38485106382979;5294.47
1.39350638297872;5278.47
1.39350638297872;5262.48
1.39350638297872;5262.48
1.39350638297872;5294.47
1.39350638297872;5278.47
1.39350638297872;5278.47
1.39350638297872;5310.46
1.40071914893617;5278.47
1.40071914893617;5278.47
1.40071914893617;5294.47
1.40071914893617;5294.47
1.40071914893617;5294.47
1.40071914893617;5310.46
1.40071914893617;5310.46
1.40937446808511;5294.47
1.40937446808511;5278.47
1.40937446808511;5294.47
1.40937446808511;5310.46
1.40937446808511;5310.46
1.40937446808511;5294.47
1.40937446808511;5310.46
1.41802978723404;5278.47
1.41802978723404;5294.47
1.41802978723404;5278.47
1.41802978723404;5294.47
1.41802978723404;5294.47
1.41802978723404;5310.46
1.41802978723404;5310.46
1.42524255319149;5294.47
1.42524255319149;5278.47
1.42524255319149;5294.47
1.42524255319149;5310.46
1.42524255319149;5310.46
1.42524255319149;5310.46
1.43389787234043;5294.47
1.43389787234043;5278.47
1.43389787234043;5310.46
1.43389787234043;5294.47
1.43389787234043;5294.47
1.43389787234043;5326.46
1.44255319148936;5294.47
1.44255319148936;5326.46
1.44255319148936;5326.46
1.44255319148936;5326.46
1.44255319148936;5294.47
1.44255319148936;5294.47
1.44255319148936;5278.47
1.44976595744681;5310.46
1.44976595744681;5310.46
1.44976595744681;5214.49
1.44976595744681;5278.47
1.44976595744681;5246.48
1.44976595744681;5294.47
1.44976595744681;5294.47
1.45842127659574;5246.48
1.45842127659574;5246.48
1.45842127659574;5262.48
1.45842127659574;5278.47
1.45842127659574;5262.48
1.45842127659574;5310.46
1.45842127659574;5294.47
1.46563404255319;5294.47
1.46563404255319;5294.47
1.46563404255319;5294.47
1.46563404255319;5262.48
1.46563404255319;5294.47
1.46563404255319;5246.48
1.46563404255319;5262.48
1.46563404255319;5246.48
1.47428936170213;5246.48
1.47428936170213;5230.49
1.47428936170213;5246.48
1.47428936170213;5214.49
1.47428936170213;5246.48
1.47428936170213;5246.48
1.48294468085106;5214.49
1.48294468085106;5230.49
1.48294468085106;5246.48
1.48294468085106;5230.49
1.48294468085106;5262.48
1.48294468085106;5246.48
1.48294468085106;5262.48
1.49015744680851;5262.48
1.49015744680851;5278.47
1.49015744680851;5262.48
1.49015744680851;5294.47
1.49015744680851;5294.47
1.49015744680851;5310.46
1.49015744680851;5294.47
1.49881276595745;5278.47
1.49881276595745;5278.47
1.49881276595745;5294.47
1.49881276595745;5278.47
1.49881276595745;5310.46
1.49881276595745;5294.47
1.49881276595745;5294.47
1.50602553191489;5294.47
1.50602553191489;5246.48
1.50602553191489;5310.46
1.50602553191489;5342.46
1.50602553191489;5310.46
1.50602553191489;5358.45
1.50602553191489;5374.45
1.51468085106383;5374.45
1.51468085106383;5310.46
1.51468085106383;5342.46
1.51468085106383;5374.45
1.51468085106383;5326.46
1.52333617021277;5342.46
1.52333617021277;5326.46
1.52333617021277;5326.46
1.52333617021277;5358.45
1.52333617021277;5294.47
1.52333617021277;5294.47
1.52333617021277;5374.45
1.53054893617021;5326.46
1.53054893617021;5310.46
1.53054893617021;5358.45
1.53054893617021;5374.45
1.53054893617021;5422.43
1.53054893617021;5390.44
1.53054893617021;5374.45
1.53054893617021;5438.43
1.53920425531915;5390.44
1.53920425531915;5422.43
1.53920425531915;5326.46
1.53920425531915;5358.45
1.53920425531915;5406.44
1.53920425531915;5342.46
1.54785957446809;5422.43
1.54785957446809;5358.45
1.54785957446809;5422.43
1.54785957446809;5374.45
1.54785957446809;5358.45
1.54785957446809;5390.44
1.54785957446809;5438.43
1.54785957446809;5342.46
1.54785957446809;5390.44
1.55507234042553;5406.44
1.55507234042553;5374.45
1.55507234042553;5358.45
1.55507234042553;5422.43
1.55507234042553;5390.44
1.55507234042553;5374.45
1.55507234042553;5438.43
1.56372765957447;5390.44
1.56372765957447;5358.45
1.56372765957447;5406.44
1.56372765957447;5374.45
1.56372765957447;5422.43
1.57094042553192;5422.43
1.57094042553192;5374.45
1.57094042553192;5406.44
1.57094042553192;5374.45
1.57094042553192;5438.43
1.57094042553192;5406.44
1.57959574468085;5406.44
1.57959574468085;5358.45
1.57959574468085;5406.44
1.57959574468085;5374.45
1.57959574468085;5390.44
1.57959574468085;5438.43
1.57959574468085;5358.45
1.57959574468085;5390.44
1.58825106382979;5406.44
1.58825106382979;5390.44
1.58825106382979;5374.45
1.58825106382979;5422.43
1.58825106382979;5390.44
1.58825106382979;5374.45
1.58825106382979;5422.43
1.59546382978723;5390.44
1.59546382978723;5358.45
1.59546382978723;5406.44
1.59546382978723;5406.44
1.59546382978723;5374.45
1.59546382978723;5422.43
1.60411914893617;5374.45
1.60411914893617;5358.45
1.60411914893617;5390.44
1.60411914893617;5374.45
1.60411914893617;5406.44
1.60411914893617;5374.45
1.61133191489362;5406.44
1.61133191489362;5358.45
1.61133191489362;5390.44
1.61133191489362;5374.45
1.61133191489362;5406.44
1.61133191489362;5358.45
1.61133191489362;5342.46
1.61998723404255;5294.47
1.61998723404255;5342.46
1.61998723404255;5358.45
1.61998723404255;5374.45
1.61998723404255;5326.46
1.61998723404255;5358.45
1.61998723404255;5374.45
1.62864255319149;5374.45
1.62864255319149;5342.46
1.62864255319149;5390.44
1.62864255319149;5390.44
1.62864255319149;5406.44
1.63585531914894;5406.44
1.63585531914894;5374.45
1.63585531914894;5422.43
1.63585531914894;5390.44
1.63585531914894;5358.45
1.63585531914894;5422.43
1.64451063829787;5294.47
1.64451063829787;5390.44
1.64451063829787;5326.46
1.64451063829787;5374.45
1.64451063829787;5390.44
1.64451063829787;5406.44
1.64451063829787;5374.45
1.65316595744681;5342.46
1.65316595744681;5358.45
1.65316595744681;5326.46
1.65316595744681;5342.46
1.65316595744681;5406.44
1.65316595744681;5310.46
1.65316595744681;5358.45
1.65316595744681;5358.45
1.66037872340426;5374.45
1.66037872340426;5326.46
1.66037872340426;5374.45
1.66037872340426;5390.44
1.66037872340426;5342.46
1.66037872340426;5406.44
1.66903404255319;5358.45
1.66903404255319;5342.46
1.66903404255319;5374.45
1.66903404255319;5390.44
1.66903404255319;5406.44
1.67624680851064;5390.44
1.67624680851064;5358.45
1.67624680851064;5406.44
1.67624680851064;5358.45
1.67624680851064;5390.44
1.67624680851064;5422.43
1.67624680851064;5358.45
1.67624680851064;5390.44
1.68490212765957;5422.43
1.68490212765957;5390.44
1.68490212765957;5374.45
1.68490212765957;5422.43
1.68490212765957;5438.43
1.68490212765957;5390.44
1.68490212765957;5454.42
1.69355744680851;5390.44
1.69355744680851;5454.42
1.69355744680851;5406.44
1.69355744680851;5406.44
1.69355744680851;5390.44
1.69355744680851;5374.45
1.69355744680851;5358.45
1.70077021276596;5326.46
1.70077021276596;5390.44
1.70077021276596;5342.46
1.70077021276596;5390.44
1.70077021276596;5406.44
1.70077021276596;5358.45
1.70942553191489;5374.45
1.70942553191489;5406.44
1.70942553191489;5358.45
1.70942553191489;5374.45
1.70942553191489;5374.45
1.70942553191489;5390.44
1.71663829787234;5390.44
1.71663829787234;5358.45
1.71663829787234;5390.44
1.71663829787234;5374.45
1.71663829787234;5390.44
1.71663829787234;5422.43
1.71663829787234;5390.44
1.71663829787234;5358.45
1.72529361702128;5358.45
1.72529361702128;5390.44
1.72529361702128;5374.45
1.72529361702128;5390.44
1.72529361702128;5358.45
1.72529361702128;5390.44
1.73394893617021;5406.44
1.73394893617021;5390.44
1.73394893617021;5390.44
1.73394893617021;5422.43
1.73394893617021;5422.43
1.73394893617021;5406.44
1.73394893617021;5454.42
1.74116170212766;5422.43
1.74116170212766;5438.43
1.74116170212766;5438.43
1.74116170212766;5422.43
1.74116170212766;5438.43
1.74116170212766;5422.43
1.74116170212766;5438.43
1.74116170212766;5438.43
1.7498170212766;5422.43
1.7498170212766;5422.43
1.7498170212766;5438.43
1.7498170212766;5422.43
1.7498170212766;5422.43
1.7498170212766;5470.42
1.75847234042553;5438.43
1.75847234042553;5454.42
1.75847234042553;5438.43
1.75847234042553;5486.41
1.75847234042553;5454.42
1.76568510638298;5454.42
1.76568510638298;5470.42
1.76568510638298;5438.43
1.76568510638298;5470.42
1.76568510638298;5438.43
1.76568510638298;5406.44
1.76568510638298;5454.42
1.77434042553191;5422.43
1.77434042553191;5470.42
1.77434042553191;5502.41
1.77434042553191;5502.41
1.77434042553191;5534.4
1.77434042553191;5534.4
1.77434042553191;5406.44
1.78155319148936;5390.44
1.78155319148936;5438.43
1.78155319148936;5470.42
1.78155319148936;5502.41
1.78155319148936;5406.44
1.78155319148936;5454.42
1.78155319148936;5470.42
1.78155319148936;5422.43
1.7902085106383;5422.43
1.7902085106383;5470.42
1.7902085106383;5454.42
1.7902085106383;5422.43
1.7902085106383;5502.41
1.79886382978723;5454.42
1.79886382978723;5422.43
1.79886382978723;5438.43
1.79886382978723;5470.42
1.79886382978723;5486.41
1.79886382978723;5470.42
1.79886382978723;5438.43
1.80607659574468;5422.43
1.80607659574468;5502.41
1.80607659574468;5438.43
1.80607659574468;5486.41
1.80607659574468;5518.4
1.80607659574468;5438.43
1.80607659574468;5454.42
1.80607659574468;5518.4
1.81473191489362;5438.43
1.81473191489362;5454.42
1.81473191489362;5486.41
1.81473191489362;5502.41
1.81473191489362;5438.43
1.81473191489362;5470.42
1.82194468085106;5502.41
1.82194468085106;5438.43
1.82194468085106;5438.43
1.82194468085106;5502.41
1.82194468085106;5518.4
1.82194468085106;5438.43
1.8306;5470.42
1.8306;5518.4
1.8306;5454.42
1.8306;5454.42
1.8306;5486.41
1.8306;5534.4
1.8306;5470.42
1.83925531914894;5438.43
1.83925531914894;5502.41
1.83925531914894;5502.41
1.83925531914894;5438.43
1.83925531914894;5486.41
1.83925531914894;5518.4
1.83925531914894;5454.42
1.84646808510638;5454.42
1.84646808510638;5502.41
1.84646808510638;5502.41
1.84646808510638;5454.42
1.84646808510638;5454.42
1.84646808510638;5502.41
1.85512340425532;5486.41
1.85512340425532;5454.42
1.85512340425532;5454.42
1.85512340425532;5502.41
1.85512340425532;5486.41
1.85512340425532;5470.42
1.85512340425532;5486.41
1.85512340425532;5406.44
1.86377872340426;5470.42
1.86377872340426;5470.42
1.86377872340426;5438.43
1.86377872340426;5470.42
1.86377872340426;5486.41
1.86377872340426;5438.43
1.86377872340426;5470.42
1.8709914893617;5422.43
1.8709914893617;5486.41
1.8709914893617;5438.43
1.8709914893617;5438.43
1.8709914893617;5470.42
1.8709914893617;5502.41
1.8709914893617;5438.43
1.87964680851064;5454.42
1.87964680851064;5486.41
1.87964680851064;5470.42
1.87964680851064;5438.43
1.87964680851064;5454.42
1.87964680851064;5486.41
1.88685957446809;5422.43
1.88685957446809;5454.42
1.88685957446809;5470.42
1.88685957446809;5438.43
1.88685957446809;5438.43
1.88685957446809;5486.41
1.89551489361702;5486.41
1.89551489361702;5438.43
1.89551489361702;5454.42
1.89551489361702;5486.41
1.89551489361702;5454.42
1.89551489361702;5406.44
1.89551489361702;5486.41
1.90417021276596;5438.43
1.90417021276596;5502.41
1.90417021276596;5422.43
1.90417021276596;5438.43
1.90417021276596;5502.41
1.90417021276596;5502.41
1.90417021276596;5422.43
1.90417021276596;5454.42
1.90417021276596;5502.41
1.90417021276596;5518.4
1.90417021276596;5438.43
1.9113829787234;5486.41
1.9113829787234;5518.4
1.9113829787234;5550.4
1.9113829787234;5454.42
1.92003829787234;5486.41
1.92003829787234;5534.4
1.92003829787234;5550.4
1.92003829787234;5454.42
1.92003829787234;5486.41
1.92003829787234;5534.4
1.92725106382979;5534.4
1.92725106382979;5470.42
1.92725106382979;5502.41
1.92725106382979;5550.4
1.92725106382979;5470.42
1.92725106382979;5566.39
1.93590638297872;5486.41
1.93590638297872;5518.4
1.93590638297872;5470.42
1.93590638297872;5502.41
1.93590638297872;5534.4
1.93590638297872;5518.4
1.93590638297872;5486.41
1.93590638297872;5438.43
1.93590638297872;5486.41
1.94456170212766;5454.42
1.94456170212766;5502.41
1.94456170212766;5486.41
1.94456170212766;5454.42
1.94456170212766;5486.41
1.95177446808511;5518.4
1.95177446808511;5486.41
1.95177446808511;5470.42
1.95177446808511;5502.41
1.95177446808511;5518.4
1.95177446808511;5454.42
1.95177446808511;5502.41
1.95177446808511;5438.43
1.95177446808511;5454.42
1.96042978723404;5486.41
1.96042978723404;5470.42
1.96042978723404;5438.43
1.96042978723404;5438.43
1.96042978723404;5470.42
1.96042978723404;5438.43
1.96908510638298;5422.43
1.96908510638298;5470.42
1.96908510638298;5438.43
1.96908510638298;5422.43
1.96908510638298;5470.42
1.96908510638298;5438.43
1.97629787234043;5486.41
1.97629787234043;5454.42
1.97629787234043;5486.41
1.97629787234043;5438.43
1.97629787234043;5438.43
1.98495319148936;5486.41
1.98495319148936;5502.41
1.98495319148936;5438.43
1.98495319148936;5470.42
1.98495319148936;5502.41
1.98495319148936;5454.42
1.98495319148936;5486.41
1.98495319148936;5438.43
1.99216595744681;5438.43
1.99216595744681;5518.4
1.99216595744681;5454.42
1.99216595744681;5518.4
1.99216595744681;5486.41
1.99216595744681;5454.42
1.99216595744681;5486.41
1.99216595744681;5518.4
2.00082127659574;5454.42
2.00082127659574;5454.42
2.00082127659574;5486.41
2.00082127659574;5502.41
2.00082127659574;5454.42
2.00082127659574;5470.42
2.00082127659574;5470.42
2.00947659574468;5454.42
2.00947659574468;5422.43
2.00947659574468;5438.43
2.00947659574468;5454.42
2.00947659574468;5486.41
2.00947659574468;5438.43
2.00947659574468;5438.43
2.01668936170213;5470.42
2.01668936170213;5518.4
2.01668936170213;5454.42
2.01668936170213;5438.43
2.01668936170213;5470.42
2.01668936170213;5518.4
2.01668936170213;5454.42
2.02534468085106;5422.43
2.02534468085106;5486.41
2.02534468085106;5518.4
2.02534468085106;5438.43
2.02534468085106;5470.42
2.02534468085106;5502.41
2.03255744680851;5486.41
2.03255744680851;5454.42
2.03255744680851;5502.41
2.03255744680851;5534.4
2.03255744680851;5550.4
2.03255744680851;5502.41
2.04121276595745;5454.42
2.04121276595745;5534.4
2.04121276595745;5550.4
2.04121276595745;5470.42
2.04121276595745;5502.41
2.04121276595745;5502.41
2.04986808510638;5534.4
2.04986808510638;5470.42
2.04986808510638;5502.41
2.04986808510638;5502.41
2.04986808510638;5454.42
2.04986808510638;5486.41
2.04986808510638;5502.41
2.05708085106383;5454.42
2.05708085106383;5470.42
2.05708085106383;5502.41
2.05708085106383;5486.41
2.05708085106383;5470.42
2.05708085106383;5502.41
2.05708085106383;5534.4
2.05708085106383;5518.4
2.06573617021277;5486.41
2.06573617021277;5470.42
2.06573617021277;5550.4
2.06573617021277;5534.4
2.06573617021277;5486.41
2.06573617021277;5502.41
2.06573617021277;5502.41
2.06573617021277;5438.43
2.0743914893617;5438.43
2.0743914893617;5486.41
2.0743914893617;5518.4
2.0743914893617;5534.4
2.0743914893617;5486.41
2.08160425531915;5438.43
2.08160425531915;5518.4
2.08160425531915;5550.4
2.08160425531915;5454.42
2.08160425531915;5470.42
2.08160425531915;5550.4
2.09025957446808;5518.4
2.09025957446808;5534.4
2.09025957446808;5470.42
2.09025957446808;5502.41
2.09025957446808;5550.4
2.09025957446808;5566.39
2.09025957446808;5470.42
2.09025957446808;5502.41
2.09747234042553;5550.4
2.09747234042553;5470.42
2.09747234042553;5422.43
2.09747234042553;5454.42
2.09747234042553;5502.41
2.09747234042553;5422.43
2.10612765957447;5550.4
2.10612765957447;5454.42
2.10612765957447;5502.41
2.10612765957447;5534.4
2.10612765957447;5470.42
2.10612765957447;5470.42
2.10612765957447;5518.4
2.1147829787234;5550.4
2.1147829787234;5566.39
2.1147829787234;5470.42
2.1147829787234;5518.4
2.1147829787234;5550.4
2.1147829787234;5582.39
2.1147829787234;5470.42
2.1147829787234;5502.41
2.12199574468085;5550.4
2.12199574468085;5582.39
2.12199574468085;5502.41
2.12199574468085;5502.41
2.12199574468085;5534.4
2.12199574468085;5582.39
2.13065106382979;5598.38
2.13065106382979;5438.43
2.13065106382979;5470.42
2.13065106382979;5518.4
2.13065106382979;5550.4
2.13065106382979;5486.41
2.13065106382979;5454.42
2.13065106382979;5502.41
2.13786382978723;5550.4
2.13786382978723;5582.39
2.13786382978723;5454.42
2.13786382978723;5502.41
2.13786382978723;5534.4
2.14651914893617;5582.39
2.14651914893617;5502.41
2.14651914893617;5486.41
2.14651914893617;5518.4
2.14651914893617;5566.39
2.14651914893617;5582.39
2.14651914893617;5486.41
2.15517446808511;5502.41
2.15517446808511;5550.4
2.15517446808511;5582.39
2.15517446808511;5502.41
2.15517446808511;5502.41
2.15517446808511;5534.4
2.15517446808511;5566.39
2.15517446808511;5486.41
2.16238723404255;5518.4
2.16238723404255;5566.39
2.16238723404255;5582.39
2.16238723404255;5486.41
2.16238723404255;5518.4
2.17104255319149;5566.39
2.17104255319149;5582.39
2.17104255319149;5486.41
2.17104255319149;5534.4
2.17104255319149;5566.39
2.17104255319149;5582.39
2.17104255319149;5486.41
2.17825531914894;5518.4
2.17825531914894;5566.39
2.17825531914894;5582.39
2.17825531914894;5486.41
2.17825531914894;5518.4
2.18691063829787;5566.39
2.18691063829787;5582.39
2.18691063829787;5486.41
2.18691063829787;5534.4
2.18691063829787;5566.39
2.18691063829787;5566.39
2.18691063829787;5486.41
2.19556595744681;5534.4
2.19556595744681;5566.39
2.19556595744681;5582.39
2.19556595744681;5486.41
2.19556595744681;5518.4
2.19556595744681;5550.4
2.19556595744681;5502.41
2.20277872340426;5566.39
2.20277872340426;5502.41
2.20277872340426;5534.4
2.20277872340426;5534.4
2.20277872340426;5438.43
2.20277872340426;5470.42
2.20277872340426;5502.41
2.20277872340426;5438.43
2.21143404255319;5550.4
2.21143404255319;5470.42
2.21143404255319;5502.41
2.21143404255319;5550.4
2.21143404255319;5470.42
2.21143404255319;5470.42
2.21143404255319;5502.41
2.22008936170213;5550.4
2.22008936170213;5566.39
2.22008936170213;5454.42
2.22008936170213;5502.41
2.22008936170213;5550.4
2.22008936170213;5582.39
2.22008936170213;5502.41
2.22730212765957;5470.42
2.22730212765957;5550.4
2.22730212765957;5582.39
2.22730212765957;5470.42
2.22730212765957;5486.41
2.22730212765957;5534.4
2.22730212765957;5582.39
2.23595744680851;5486.41
2.23595744680851;5502.41
2.23595744680851;5534.4
2.23595744680851;5582.39
2.23595744680851;5486.41
2.23595744680851;5502.41
2.24317021276596;5550.4
2.24317021276596;5582.39
2.24317021276596;5422.43
2.24317021276596;5454.42
2.24317021276596;5486.41
2.24317021276596;5534.4
2.24317021276596;5486.41
2.24317021276596;5454.42
2.25182553191489;5486.41
2.25182553191489;5534.4
2.25182553191489;5486.41
2.25182553191489;5454.42
2.25182553191489;5534.4
2.26048085106383;5502.41
2.26048085106383;5470.42
2.26048085106383;5454.42
2.26048085106383;5502.41
2.26048085106383;5550.4
2.26048085106383;5454.42
2.26048085106383;5470.42
2.26048085106383;5518.4
2.26769361702128;5550.4
2.26769361702128;5454.42
2.26769361702128;5470.42
2.26769361702128;5518.4
2.26769361702128;5550.4
2.27634893617021;5454.42
2.27634893617021;5470.42
2.27634893617021;5518.4
2.27634893617021;5518.4
2.27634893617021;5454.42
2.27634893617021;5486.41
2.27634893617021;5518.4
2.28356170212766;5534.4
2.28356170212766;5470.42
2.28356170212766;5470.42
2.28356170212766;5550.4
2.28356170212766;5486.41
2.28356170212766;5486.41
2.28356170212766;5518.4
2.28356170212766;5566.39
2.2922170212766;5582.39
2.2922170212766;5470.42
2.2922170212766;5502.41
2.2922170212766;5534.4
2.2922170212766;5566.39
2.2922170212766;5598.38
2.2922170212766;5486.41
2.2922170212766;5518.4
2.2922170212766;5550.4
2.30087234042553;5534.4
2.30087234042553;5486.41
2.30087234042553;5486.41
2.30087234042553;5502.41
2.30808510638298;5518.4
2.30808510638298;5502.41
2.30808510638298;5502.41
2.30808510638298;5486.41
2.30808510638298;5502.41
2.30808510638298;5486.41
2.31674042553191;5502.41
2.31674042553191;5518.4
2.31674042553191;5534.4
2.31674042553191;5502.41
2.31674042553191;5518.4
2.31674042553191;5534.4
2.32539574468085;5566.39
2.32539574468085;5534.4
2.32539574468085;5518.4
2.32539574468085;5550.4
2.32539574468085;5582.39
2.32539574468085;5598.38
2.32539574468085;5534.4
2.3326085106383;5502.41
2.3326085106383;5534.4
2.3326085106383;5550.4
2.3326085106383;5534.4
2.3326085106383;5518.4
2.3326085106383;5550.4
2.3326085106383;5550.4
2.3326085106383;5502.41
2.34126382978723;5534.4
2.34126382978723;5550.4
2.34126382978723;5486.41
2.34126382978723;5518.4
2.34126382978723;5550.4
2.34126382978723;5502.41
2.34847659574468;5486.41
2.34847659574468;5534.4
2.34847659574468;5566.39
2.34847659574468;5486.41
2.34847659574468;5502.41
2.34847659574468;5550.4
2.34847659574468;5566.39
2.34847659574468;5486.41
2.35713191489362;5518.4
2.35713191489362;5550.4
2.35713191489362;5550.4
2.35713191489362;5406.44
2.35713191489362;5454.42
2.35713191489362;5502.41
2.35713191489362;5534.4
2.36578723404255;5438.43
2.36578723404255;5454.42
2.36578723404255;5502.41
2.36578723404255;5534.4
2.36578723404255;5534.4
2.36578723404255;5454.42
2.36578723404255;5502.41
2.36578723404255;5518.4
2.373;5566.39
2.373;5454.42
2.373;5486.41
2.373;5518.4
2.373;5550.4
2.38165531914894;5470.42
2.38165531914894;5486.41
2.38165531914894;5518.4
2.38165531914894;5550.4
2.38165531914894;5470.42
2.38165531914894;5502.41
2.38165531914894;5566.39
2.38886808510638;5534.4
2.38886808510638;5486.41
2.38886808510638;5486.41
2.38886808510638;5518.4
2.38886808510638;5566.39
2.38886808510638;5582.39
2.38886808510638;5486.41
2.39752340425532;5518.4
2.39752340425532;5566.39
2.39752340425532;5582.39
2.39752340425532;5486.41
2.39752340425532;5518.4
2.39752340425532;5566.39
2.39752340425532;5582.39
2.40617872340426;5486.41
2.40617872340426;5502.41
2.40617872340426;5550.4
2.40617872340426;5566.39
2.40617872340426;5438.43
2.40617872340426;5470.42
2.40617872340426;5518.4
2.4133914893617;5550.4
2.4133914893617;5502.41
2.4133914893617;5454.42
2.4133914893617;5502.41
2.4133914893617;5534.4
2.4133914893617;5518.4
2.42204680851064;5454.42
2.42204680851064;5502.41
2.42204680851064;5518.4
2.42204680851064;5550.4
2.42204680851064;5454.42
2.42204680851064;5470.42
2.43070212765957;5502.41
2.43070212765957;5534.4
2.43070212765957;5518.4
2.43070212765957;5454.42
2.43070212765957;5486.41
2.43070212765957;5534.4
2.43791489361702;5550.4
2.43791489361702;5454.42
2.43791489361702;5470.42
2.43791489361702;5518.4
2.43791489361702;5534.4
2.43791489361702;5438.43
2.43791489361702;5518.4
2.44657021276596;5470.42
2.44657021276596;5518.4
2.44657021276596;5454.42
2.44657021276596;5470.42
2.44657021276596;5518.4
2.44657021276596;5534.4
2.44657021276596;5438.43
2.4537829787234;5470.42
2.4537829787234;5518.4
2.4537829787234;5502.41
2.4537829787234;5454.42
2.4537829787234;5486.41
2.4537829787234;5534.4
2.4537829787234;5550.4
2.4537829787234;5470.42
2.4537829787234;5454.42
2.46243829787234;5422.43
2.46243829787234;5486.41
2.46243829787234;5470.42
2.46243829787234;5406.44
2.46243829787234;5454.42
2.46243829787234;5486.41
2.47109361702128;5454.42
2.47109361702128;5406.44
2.47109361702128;5438.43
2.47109361702128;5470.42
2.47830638297872;5502.41
2.47830638297872;5390.44
2.47830638297872;5422.43
2.47830638297872;5454.42
2.47830638297872;5486.41
2.47830638297872;5374.45
2.47830638297872;5406.44
2.48696170212766;5438.43
2.48696170212766;5438.43
2.48696170212766;5358.45
2.48696170212766;5390.44
2.48696170212766;5422.43
2.48696170212766;5406.44
2.48696170212766;5342.46
2.49417446808511;5374.45
2.49417446808511;5390.44
2.49417446808511;5342.46
2.49417446808511;5326.46
2.49417446808511;5358.45
2.49417446808511;5358.45
2.50282978723404;5310.46
2.50282978723404;5294.47
2.50282978723404;5326.46
2.50282978723404;5294.47
2.50282978723404;5278.47
2.50282978723404;5278.47
2.50282978723404;5278.47
2.50282978723404;5230.49
2.50282978723404;5246.48
2.51148510638298;5230.49
2.51148510638298;5198.5
2.51148510638298;5182.5
2.51148510638298;5182.5
2.51869787234043;5134.52
2.51869787234043;5118.52
2.51869787234043;5070.53
2.51869787234043;5022.55
2.51869787234043;4974.56
2.51869787234043;4878.59
2.5360085106383;2127.38
2.5360085106383;2031.41
2.5360085106383;2063.4
2.5360085106383;2111.39
2.5360085106383;2079.4
2.54322127659574;1935.44
2.55908936170213;16
2.5764;47.99
2.5764;16
2.5764;16
2.5764;16
2.58361276595745;31.99
2.58361276595745;31.99
2.58361276595745;31.99
2.58361276595745;31.99
2.58361276595745;31.99
2.58361276595745;31.99
2.59226808510638;31.99
2.59226808510638;31.99
2.59226808510638;31.99
2.59226808510638;31.99
2.59226808510638;31.99
2.59226808510638;31.99
2.59226808510638;31.99
2.59226808510638;31.99
2.59948085106383;31.99
2.59948085106383;31.99
2.59948085106383;31.99
2.59948085106383;31.99
2.59948085106383;31.99
2.59948085106383;31.99
2.59948085106383;31.99
2.59948085106383;31.99
2.60813617021277;31.99
2.60813617021277;31.99
2.60813617021277;31.99
2.60813617021277;31.99
2.60813617021277;31.99
2.60813617021277;31.99
2.6167914893617;31.99
2.6167914893617;31.99
2.6167914893617;31.99
2.6167914893617;31.99
2.6167914893617;31.99
2.6167914893617;31.99
2.6167914893617;31.99
2.6167914893617;31.99
2.6167914893617;31.99
2.62400425531915;31.99
2.62400425531915;31.99
2.62400425531915;31.99
2.62400425531915;31.99
2.62400425531915;31.99
2.62400425531915;31.99
2.62400425531915;31.99
2.63265957446808;31.99
2.63265957446808;31.99
2.63265957446808;31.99
2.63265957446808;31.99
2.63265957446808;31.99
2.63265957446808;31.99
2.64131489361702;31.99
2.64131489361702;31.99
2.64131489361702;31.99
2.64131489361702;31.99
2.64131489361702;31.99
2.64131489361702;31.99
2.64131489361702;31.99
2.64852765957447;31.99
2.64852765957447;31.99
2.64852765957447;31.99
2.64852765957447;31.99
2.64852765957447;31.99
2.6571829787234;31.99
2.6571829787234;31.99
2.6571829787234;31.99
2.6571829787234;31.99
2.6571829787234;16
2.66439574468085;31.99
2.66439574468085;31.99
2.66439574468085;31.99
2.66439574468085;31.99
2.66439574468085;31.99
2.66439574468085;31.99
2.66439574468085;31.99
2.66439574468085;31.99
2.67305106382979;31.99
2.67305106382979;31.99
2.67305106382979;31.99
2.67305106382979;31.99
2.67305106382979;31.99
2.67305106382979;31.99
2.67305106382979;31.99
2.67305106382979;31.99
2.68170638297872;31.99
2.68170638297872;31.99
2.68170638297872;31.99
2.68170638297872;31.99
2.68170638297872;31.99
2.68170638297872;31.99
2.68891914893617;31.99
2.68891914893617;31.99
2.68891914893617;31.99
2.68891914893617;31.99
2.68891914893617;16
2.68891914893617;31.99
2.68891914893617;31.99
2.68891914893617;31.99
2.68891914893617;31.99
2.68891914893617;31.99
2.69757446808511;31.99
2.69757446808511;31.99
2.69757446808511;31.99
2.69757446808511;31.99
2.69757446808511;31.99
2.70478723404255;31.99
2.70478723404255;31.99
2.70478723404255;31.99
2.70478723404255;31.99
2.70478723404255;31.99
2.70478723404255;16
2.70478723404255;31.99
2.70478723404255;31.99
2.71344255319149;31.99
2.71344255319149;31.99
2.71344255319149;31.99
2.71344255319149;31.99
2.71344255319149;31.99
2.71344255319149;31.99
2.71344255319149;31.99
2.72209787234043;31.99
2.72209787234043;31.99
2.72209787234043;31.99
2.72209787234043;31.99
2.72209787234043;31.99
2.72209787234043;31.99
2.72931063829787;31.99
2.72931063829787;31.99
2.72931063829787;31.99
2.72931063829787;31.99
2.72931063829787;31.99
2.72931063829787;31.99
2.72931063829787;31.99
2.73796595744681;31.99
2.73796595744681;31.99
2.73796595744681;31.99
2.73796595744681;31.99
2.73796595744681;31.99
2.74662127659574;31.99
2.74662127659574;31.99
2.74662127659574;31.99
2.74662127659574;31.99
2.74662127659574;31.99
2.74662127659574;31.99
2.74662127659574;31.99
2.75383404255319;31.99
2.75383404255319;31.99
2.75383404255319;31.99
2.75383404255319;31.99
2.75383404255319;31.99
2.75383404255319;31.99
2.75383404255319;31.99
2.75383404255319;31.99
2.75383404255319;31.99
2.76248936170213;31.99
2.76248936170213;31.99
2.76248936170213;31.99
2.76248936170213;31.99
2.76970212765957;31.99
2.76970212765957;31.99
2.76970212765957;31.99
2.76970212765957;31.99
2.76970212765957;31.99
2.76970212765957;31.99
2.76970212765957;31.99
2.76970212765957;31.99
2.76970212765957;31.99
2.77835744680851;31.99
2.77835744680851;31.99
2.77835744680851;31.99
2.77835744680851;31.99
2.77835744680851;31.99
2.77835744680851;31.99
2.77835744680851;31.99
2.77835744680851;31.99
2.78701276595745;31.99
2.78701276595745;31.99
2.78701276595745;31.99
2.78701276595745;31.99
2.78701276595745;31.99
2.78701276595745;31.99
2.78701276595745;31.99
2.78701276595745;31.99
2.78701276595745;31.99
2.78701276595745;31.99
2.79422553191489;31.99
2.79422553191489;31.99
2.79422553191489;31.99
2.79422553191489;31.99
2.79422553191489;31.99
2.80288085106383;31.99
2.80288085106383;31.99
2.80288085106383;31.99
2.80288085106383;31.99
2.80288085106383;31.99
2.80288085106383;31.99
2.80288085106383;31.99
2.80288085106383;31.99
2.80288085106383;16
2.80288085106383;31.99
2.80288085106383;31.99
2.80288085106383;31.99
2.80288085106383;31.99
2.80288085106383;31.99
2.81009361702128;31.99
2.81009361702128;31.99
2.81009361702128;31.99
2.81009361702128;31.99
2.81009361702128;31.99
2.81009361702128;31.99
2.81009361702128;31.99
2.81009361702128;31.99
2.81009361702128;31.99
2.81009361702128;31.99
2.81009361702128;31.99
2.81009361702128;31.99
2.81874893617021;31.99
2.81874893617021;31.99
2.81874893617021;31.99
2.81874893617021;31.99
2.81874893617021;31.99
2.81874893617021;31.99
2.81874893617021;31.99
2.81874893617021;31.99
2.81874893617021;31.99
2.81874893617021;31.99
2.81874893617021;31.99
2.81874893617021;31.99
2.81874893617021;31.99
2.81874893617021;31.99
2.81874893617021;31.99
2.82740425531915;16
2.82740425531915;16
2.82740425531915;31.99
2.82740425531915;31.99
2.82740425531915;31.99
2.82740425531915;31.99
2.82740425531915;31.99
2.82740425531915;31.99
2.82740425531915;31.99
2.82740425531915;31.99
2.82740425531915;31.99
2.82740425531915;31.99
2.82740425531915;31.99
2.82740425531915;31.99
2.82740425531915;31.99
2.82740425531915;31.99
2.82740425531915;31.99
2.82740425531915;31.99
2.82740425531915;31.99
2.82740425531915;31.99
2.82740425531915;31.99
2.82740425531915;31.99
2.82740425531915;31.99
2.82740425531915;31.99
2.82740425531915;31.99
2.82740425531915;31.99
2.82740425531915;31.99
2.82740425531915;31.99
2.82740425531915;31.99
2.82740425531915;31.99
2.82740425531915;31.99
2.82740425531915;31.99
2.82740425531915;31.99
2.82740425531915;31.99
2.82740425531915;31.99
2.82740425531915;31.99
2.82740425531915;31.99
2.82740425531915;31.99
2.82740425531915;31.99
2.82740425531915;31.99
2.82740425531915;31.99
2.82740425531915;31.99
2.82740425531915;31.99
2.82740425531915;31.99
2.82740425531915;31.99
2.82740425531915;31.99
2.82740425531915;31.99
2.82740425531915;31.99
2.82740425531915;31.99
2.82740425531915;31.99
2.82740425531915;31.99
2.82740425531915;31.99
2.82740425531915;31.99
2.82740425531915;31.99
2.82740425531915;31.99
2.82740425531915;31.99
2.82740425531915;16
2.82740425531915;31.99
2.82740425531915;31.99
2.82740425531915;31.99
2.82740425531915;31.99
2.82740425531915;31.99
2.82740425531915;31.99
2.82740425531915;31.99
2.82740425531915;31.99
2.82740425531915;31.99
2.82740425531915;31.99
2.82740425531915;31.99
2.82740425531915;31.99
2.82740425531915;31.99
2.82740425531915;31.99
2.82740425531915;31.99
2.82740425531915;31.99
2.82740425531915;31.99
2.82740425531915;31.99
2.82740425531915;31.99
2.82740425531915;31.99
2.82740425531915;31.99
2.82740425531915;31.99
2.82740425531915;31.99
2.82740425531915;31.99
2.82740425531915;31.99
2.82740425531915;31.99
2.82740425531915;31.99
2.82740425531915;31.99
2.82740425531915;31.99
2.82740425531915;31.99
2.82740425531915;31.99
2.82740425531915;31.99
2.8346170212766;31.99
2.8346170212766;31.99
2.8346170212766;31.99
2.8346170212766;31.99
2.8346170212766;31.99
2.8346170212766;31.99
2.8346170212766;16
2.8346170212766;31.99
2.8346170212766;31.99
2.8346170212766;31.99
2.8346170212766;31.99
2.8346170212766;31.99
2.8346170212766;31.99
2.8346170212766;31.99
2.8346170212766;31.99
2.8346170212766;31.99
2.8346170212766;31.99
2.8346170212766;31.99
2.8346170212766;31.99
2.8346170212766;31.99
2.8346170212766;31.99
2.8346170212766;16
2.8346170212766;31.99
2.8346170212766;16
2.8346170212766;31.99
2.8346170212766;31.99
2.8346170212766;31.99
2.8346170212766;31.99
2.8346170212766;31.99
2.8346170212766;16
2.8346170212766;31.99
2.8346170212766;31.99
2.8346170212766;31.99
2.8346170212766;16
2.8346170212766;31.99
2.8346170212766;31.99
2.8346170212766;31.99
2.8346170212766;31.99
2.8346170212766;31.99
2.8346170212766;31.99
2.8346170212766;31.99
2.8346170212766;31.99
2.8346170212766;31.99
2.8346170212766;31.99
2.8346170212766;31.99
2.8346170212766;31.99
