0.0;-107414.655387
-0.0015707963267948967;-107452.631305
-0.0031415926535897933;-107490.419679
-0.00471238898038469;-107528.020352
-0.006283185307179587;-107565.433168
-0.007853981633974483;-107602.657969
-0.00942477796076938;-107639.694598
-0.010995574287564275;-107676.542896
-0.012566370614359173;-107713.202706
-0.01413716694115407;-107749.67387
-0.015707963267948967;-107785.95623
-0.01727875959474386;-107822.049626
-0.01884955592153876;-107857.953901
-0.02042035224833366;-107893.668895
-0.02199114857512855;-107929.194449
-0.023561944901923447;-107964.530404
-0.025132741228718346;-107999.676601
-0.026703537555513242;-108034.63288
-0.02827433388230814;-108069.399081
-0.029845130209103034;-108103.975044
-0.031415926535897934;-108138.360609
-0.03298672286269283;-108172.555615
-0.03455751918948772;-108206.559902
-0.03612831551628262;-108240.373308
-0.03769911184307752;-108273.995674
-0.039269908169872414;-108307.426836
-0.04084070449666732;-108340.666635
-0.042411500823462206;-108373.714907
-0.0439822971502571;-108406.571493
-0.045553093477052005;-108439.236228
-0.047123889803846894;-108471.708951
-0.04869468613064179;-108503.9895
-0.05026548245743669;-108536.077711
-0.05183627878423159;-108567.973422
-0.053407075111026485;-108599.676469
-0.05497787143782138;-108631.18669
-0.05654866776461628;-108662.50392
-0.05811946409141117;-108693.627995
-0.05969026041820607;-108724.558753
-0.061261056745000965;-108755.296028
-0.06283185307179587;-108785.839655
-0.06440264939859075;-108816.189471
-0.06597344572538566;-108846.34531
-0.06754424205218056;-108876.307008
-0.06911503837897544;-108906.074398
-0.07068583470577035;-108935.647315
-0.07225663103256524;-108965.025594
-0.07382742735936014;-108994.209068
-0.07539822368615504;-109023.197571
-0.07696902001294993;-109051.990937
-0.07853981633974483;-109080.588998
-0.08011061266653972;-109108.991589
-0.08168140899333463;-109137.198541
-0.08325220532012952;-109165.209687
-0.08482300164692441;-109193.024859
-0.08639379797371932;-109220.643891
-0.0879645943005142;-109248.066613
-0.0895353906273091;-109275.292856
-0.09110618695410401;-109302.322454
-0.09267698328089889;-109329.155236
-0.09424777960769379;-109355.791033
-0.0958185759344887;-109382.229677
-0.09738937226128358;-109408.470997
-0.09896016858807849;-109434.514824
-0.10053096491487339;-109460.360988
-0.10210176124166827;-109486.009318
-0.10367255756846318;-109511.459644
-0.10524335389525807;-109536.711795
-0.10681415022205297;-109561.7656
-0.10838494654884787;-109586.620887
-0.10995574287564276;-109611.277485
-0.11152653920243766;-109635.735223
-0.11309733552923255;-109659.993927
-0.11466813185602745;-109684.053427
-0.11623892818282235;-109707.913548
-0.11780972450961724;-109731.574119
-0.11938052083641214;-109755.034966
-0.12095131716320703;-109778.295916
-0.12252211349000193;-109801.356795
-0.12409290981679684;-109824.217429
-0.12566370614359174;-109846.877644
-0.12723450247038662;-109869.337266
-0.1288052987971815;-109891.59612
-0.13037609512397644;-109913.654031
-0.13194689145077132;-109935.510824
-0.1335176877775662;-109957.166323
-0.1350884841043611;-109978.620353
-0.136659280431156;-109999.872737
-0.13823007675795088;-110020.9233
-0.1398008730847458;-110041.771864
-0.1413716694115407;-110062.418253
-0.14294246573833558;-110082.862289
-0.1445132620651305;-110103.103796
-0.14608405839192537;-110123.142595
-0.14765485471872028;-110142.978508
-0.1492256510455152;-110162.611358
-0.15079644737231007;-110182.040966
-0.15236724369910495;-110201.267152
-0.15393804002589986;-110220.289738
-0.15550883635269477;-110239.108545
-0.15707963267948966;-110257.723392
-0.15865042900628457;-110276.1341
-0.16022122533307945;-110294.340488
-0.16179202165987433;-110312.342376
-0.16336281798666927;-110330.139583
-0.16493361431346415;-110347.731928
-0.16650441064025903;-110365.11923
-0.16807520696705394;-110382.301306
-0.16964600329384882;-110399.277975
-0.1712167996206437;-110416.049054
-0.17278759594743864;-110432.614361
-0.17435839227423353;-110448.973712
-0.1759291886010284;-110465.126925
-0.17749998492782332;-110481.073816
-0.1790707812546182;-110496.814201
-0.1806415775814131;-110512.347896
-0.18221237390820802;-110527.674717
-0.1837831702350029;-110542.794478
-0.18535396656179778;-110557.706995
-0.1869247628885927;-110572.412082
-0.18849555921538758;-110586.909553
-0.19006635554218249;-110601.199223
-0.1916371518689774;-110615.280905
-0.19320794819577228;-110629.154413
-0.19477874452256716;-110642.819559
-0.19634954084936207;-110656.276156
-0.19792033717615698;-110669.524016
-0.19949113350295186;-110682.562952
-0.20106192982974677;-110695.392776
-0.20263272615654165;-110708.013298
-0.20420352248333654;-110720.42433
-0.20577431881013147;-110732.625682
-0.20734511513692636;-110744.617165
-0.20891591146372124;-110756.39859
-0.21048670779051615;-110767.969765
-0.21205750411731103;-110779.3305
-0.21362830044410594;-110790.480604
-0.21519909677090085;-110801.419886
-0.21676989309769573;-110812.148155
-0.2183406894244906;-110822.665218
-0.21991148575128552;-110832.970883
-0.2214822820780804;-110843.064958
-0.22305307840487532;-110852.947249
-0.22462387473167023;-110862.617563
-0.2261946710584651;-110872.075707
-0.22776546738526;-110881.321486
-0.2293362637120549;-110890.354707
-0.2309070600388498;-110899.175174
-0.2324778563656447;-110907.782692
-0.2340486526924396;-110916.177066
-0.23561944901923448;-110924.358101
-0.23719024534602937;-110932.325599
-0.23876104167282428;-110940.079365
-0.24033183799961919;-110947.619201
-0.24190263432641407;-110954.944911
-0.24347343065320898;-110962.056297
-0.24504422698000386;-110968.953161
-0.24661502330679874;-110975.635304
-0.24818581963359368;-110982.102528
-0.24975661596038856;-110988.354634
-0.25132741228718347;-110994.391422
-0.2528982086139783;-111000.212693
-0.25446900494077324;-111005.818246
-0.25603980126756815;-111011.207881
-0.257610597594363;-111016.381396
-0.2591813939211579;-111021.338592
-0.2607521902479529;-111026.079265
-0.26232298657474773;-111030.603214
-0.26389378290154264;-111034.910236
-0.26546457922833755;-111039.000128
-0.2670353755551324;-111042.872688
-0.2686061718819273;-111046.527711
-0.2701769682087222;-111049.964994
-0.2717477645355171;-111053.184332
-0.273318560862312;-111056.185521
-0.2748893571891069;-111058.968354
-0.27646015351590175;-111061.532627
-0.2780309498426967;-111063.878133
-0.2796017461694916;-111066.004667
-0.2811725424962865;-111067.912021
-0.2827433388230814;-111069.599987
-0.2843141351498763;-111071.06836
-0.28588493147667116;-111072.316929
-0.28745572780346607;-111073.345488
-0.289026524130261;-111074.153827
-0.29059732045705583;-111074.741737
-0.29216811678385074;-111075.109007
-0.2937389131106457;-111075.255429
-0.29530970943744056;-111075.180792
-0.29688050576423547;-111074.884884
-0.2984513020910304;-111074.367495
-0.30002209841782523;-111073.628412
-0.30159289474462014;-111072.667423
-0.30316369107141505;-111071.484316
-0.3047344873982099;-111070.078878
-0.3063052837250048;-111068.450894
-0.3078760800517997;-111066.600152
-0.3094468763785946;-111064.526437
-0.31101767270538955;-111062.229534
-0.31258846903218446;-111059.709228
-0.3141592653589793;-111056.965303
-0.3157300616857742;-111053.997543
-0.31730085801256913;-111050.805731
-0.318871654339364;-111047.389651
-0.3204424506661589;-111043.749085
-0.3220132469929538;-111039.883815
-0.32358404331974866;-111035.793623
-0.32515483964654357;-111031.47829
-0.32672563597333854;-111026.937596
-0.3282964323001334;-111022.171323
-0.3298672286269283;-111017.179249
-0.3314380249537232;-111011.961155
-0.33300882128051806;-111006.516819
-0.334579617607313;-111000.846019
-0.3361504139341079;-110994.948534
-0.33772121026090274;-110988.824141
-0.33929200658769765;-110982.472617
-0.34086280291449256;-110975.893739
-0.3424335992412874;-110969.087282
-0.3440043955680824;-110962.053022
-0.3455751918948773;-110954.790736
-0.34714598822167214;-110947.300196
-0.34871678454846705;-110939.581177
-0.35028758087526196;-110931.633454
-0.3518583772020568;-110923.456798
-0.3534291735288517;-110915.050984
-0.35499996985564664;-110906.415783
-0.3565707661824415;-110897.550966
-0.3581415625092364;-110888.456306
-0.3597123588360313;-110879.131572
-0.3612831551628262;-110869.576536
-0.36285395148962113;-110859.790966
-0.36442474781641604;-110849.774633
-0.3659955441432109;-110839.527304
-0.3675663404700058;-110829.048748
-0.3691371367968007;-110818.338733
-0.37070793312359557;-110807.397026
-0.3722787294503905;-110796.223393
-0.3738495257771854;-110784.817602
-0.37542032210398024;-110773.179416
-0.37699111843077515;-110761.308603
-0.3785619147575701;-110749.204926
-0.38013271108436497;-110736.868149
-0.3817035074111599;-110724.298035
-0.3832743037379548;-110711.494349
-0.38484510006474965;-110698.456853
-0.38641589639154456;-110685.185307
-0.38798669271833947;-110671.679475
-0.3895574890451343;-110657.939116
-0.39112828537192923;-110643.963992
-0.39269908169872414;-110629.753862
-0.39426987802551905;-110615.308484
-0.39584067435231396;-110600.627619
-0.39741147067910887;-110585.711024
-0.3989822670059037;-110570.558457
-0.40055306333269863;-110555.169675
-0.40212385965949354;-110539.544434
-0.4036946559862884;-110523.682491
-0.4052654523130833;-110507.5836
-0.4068362486398782;-110491.247517
-0.40840704496667307;-110474.673996
-0.409977841293468;-110457.862791
-0.41154863762026295;-110440.813654
-0.4131194339470578;-110423.526339
-0.4146902302738527;-110406.000597
-0.4162610266006476;-110388.23618
-0.4178318229274425;-110370.232839
-0.4194026192542374;-110351.990323
-0.4209734155810323;-110333.508384
-0.42254421190782715;-110314.786769
-0.42411500823462206;-110295.825227
-0.42568580456141697;-110276.623506
-0.4272566008882119;-110257.181353
-0.4288273972150068;-110237.498516
-0.4303981935418017;-110217.57474
-0.43196898986859655;-110197.409771
-0.43353978619539146;-110177.003353
-0.4351105825221864;-110156.355232
-0.4366813788489812;-110135.46515
-0.43825217517577614;-110114.332851
-0.43982297150257105;-110092.958078
-0.4413937678293659;-110071.340571
-0.4429645641561608;-110049.480073
-0.4445353604829558;-110027.376325
-0.44610615680975063;-110005.029065
-0.44767695313654554;-109982.438033
-0.44924774946334045;-109959.602969
-0.4508185457901353;-109936.52361
-0.4523893421169302;-109913.199694
-0.4539601384437251;-109889.630957
-0.45553093477052;-109865.817136
-0.4571017310973149;-109841.757966
-0.4586725274241098;-109817.453183
-0.46024332375090465;-109792.90252
-0.4618141200776996;-109768.105711
-0.46338491640449453;-109743.06249
-0.4649557127312894;-109717.772587
-0.4665265090580843;-109692.235736
-0.4680973053848792;-109666.451667
-0.46966810171167406;-109640.42011
-0.47123889803846897;-109614.140795
-0.4728096943652639;-109587.613451
-0.47438049069205873;-109560.837807
-0.47595128701885364;-109533.813589
-0.47752208334564855;-109506.540525
-0.47909287967244346;-109479.018341
-0.48066367599923837;-109451.246763
-0.4822344723260333;-109423.225516
-0.48380526865282814;-109394.954323
-0.48537606497962305;-109366.432909
-0.48694686130641796;-109337.660995
-0.4885176576332128;-109308.638306
-0.4900884539600077;-109279.36456
-0.49165925028680263;-109249.839481
-0.4932300466135975;-109220.062786
-0.49480084294039245;-109190.034197
-0.49637163926718736;-109159.75343
-0.4979424355939822;-109129.220205
-0.4995132319207771;-109098.434238
-0.501084028247572;-109067.395246
-0.5026548245743669;-109036.102944
-0.5042256209011617;-109004.557048
-0.5057964172279567;-108972.757271
-0.5073672135547516;-108940.703328
-0.5089380098815465;-108908.39493
-0.5105088062083414;-108875.83179
-0.5120796025351363;-108843.01362
-0.5136503988619312;-108809.940129
-0.515221195188726;-108776.611028
-0.516791991515521;-108743.026025
-0.5183627878423158;-108709.18483
-0.5199335841691107;-108675.087148
-0.5215043804959058;-108640.732688
-0.5230751768227005;-108606.121154
-0.5246459731494955;-108571.252253
-0.5262167694762904;-108536.125689
-0.5277875658030853;-108500.741165
-0.5293583621298801;-108465.098384
-0.5309291584566751;-108429.197049
-0.5324999547834699;-108393.03686
-0.5340707511102648;-108356.617519
-0.5356415474370597;-108319.938724
-0.5372123437638546;-108283.000175
-0.5387831400906495;-108245.801571
-0.5403539364174444;-108208.342607
-0.5419247327442394;-108170.622982
-0.5434955290710342;-108132.64239
-0.5450663253978292;-108094.400526
-0.546637121724624;-108055.897085
-0.5482079180514189;-108017.13176
-0.5497787143782138;-107978.104243
-0.5513495107050087;-107938.814225
-0.5529203070318035;-107899.261399
-0.5544911033585985;-107859.445453
-0.5560618996853934;-107819.366076
-0.5576326960121882;-107779.022958
-0.5592034923389833;-107738.415785
-0.560774288665778;-107697.544244
-0.562345084992573;-107656.408021
-0.5639158813193679;-107615.0068
-0.5654866776461628;-107573.340266
-0.5670574739729576;-107531.408101
-0.5686282702997526;-107489.209989
-0.5701990666265475;-107446.745609
-0.5717698629533423;-107404.014644
-0.5733406592801373;-107361.016772
-0.5749114556069321;-107317.751673
-0.576482251933727;-107274.219024
-0.578053048260522;-107230.418502
-0.5796238445873169;-107186.349783
-0.5811946409141117;-107142.012543
-0.5827654372409067;-107097.406455
-0.5843362335677015;-107052.531194
-0.5859070298944964;-107007.386432
-0.5874778262212914;-106961.97184
-0.5890486225480862;-106916.287088
-0.5906194188748811;-106870.331848
-0.592190215201676;-106824.105787
-0.5937610115284709;-106777.608574
-0.5953318078552657;-106730.839874
-0.5969026041820608;-106683.799356
-0.5984734005088556;-106636.486682
-0.6000441968356505;-106588.901519
-0.6016149931624454;-106541.043528
-0.6031857894892403;-106492.912372
-0.6047565858160352;-106444.507713
-0.6063273821428301;-106395.82921
-0.607898178469625;-106346.876523
-0.6094689747964198;-106297.649311
-0.6110397711232148;-106248.14723
-0.6126105674500096;-106198.369938
-0.6141813637768045;-106148.317089
-0.6157521601035995;-106097.988338
-0.6173229564303944;-106047.383339
-0.6188937527571892;-105996.501744
-0.6204645490839842;-105945.343205
-0.6220353454107791;-105893.907372
-0.6236061417375739;-105842.193895
-0.6251769380643689;-105790.202421
-0.6267477343911637;-105737.932599
-0.6283185307179586;-105685.384075
-0.6298893270447535;-105632.556494
-0.6314601233715484;-105579.449501
-0.6330309196983432;-105526.062738
-0.6346017160251383;-105472.39585
-0.6361725123519331;-105418.448475
-0.637743308678728;-105364.220256
-0.639314105005523;-105309.71083
-0.6408849013323178;-105254.919837
-0.6424556976591127;-105199.846912
-0.6440264939859076;-105144.491693
-0.6455972903127025;-105088.853814
-0.6471680866394973;-105032.932908
-0.6487388829662923;-104976.728609
-0.6503096792930871;-104920.240548
-0.651880475619882;-104863.468356
-0.6534512719466771;-104806.411662
-0.6550220682734719;-104749.070095
-0.6565928646002668;-104691.443282
-0.6581636609270617;-104633.53085
-0.6597344572538566;-104575.332422
-0.6613052535806514;-104516.847623
-0.6628760499074464;-104458.076077
-0.6644468462342412;-104399.017404
-0.6660176425610361;-104339.671225
-0.667588438887831;-104280.03716
-0.669159235214626;-104220.114827
-0.6707300315414209;-104159.903843
-0.6723008278682158;-104099.403823
-0.6738716241950107;-104038.614384
-0.6754424205218055;-103977.535139
-0.6770132168486005;-103916.165699
-0.6785840131753953;-103854.505677
-0.6801548095021902;-103792.554682
-0.6817256058289851;-103730.312323
-0.68329640215578;-103667.778209
-0.6848671984825748;-103604.951946
-0.6864379948093698;-103541.833139
-0.6880087911361648;-103478.421392
-0.6895795874629596;-103414.716308
-0.6911503837897546;-103350.71749
-0.6927211801165494;-103286.424537
-0.6942919764433443;-103221.837049
-0.6958627727701392;-103156.954623
-0.6974335690969341;-103091.776858
-0.6990043654237289;-103026.303348
-0.7005751617505239;-102960.533688
-0.7021459580773187;-102894.467471
-0.7037167544041136;-102828.104288
-0.7052875507309087;-102761.44373
-0.7068583470577035;-102694.485387
-0.7084291433844984;-102627.228847
-0.7099999397112933;-102559.673696
-0.7115707360380882;-102491.81952
-0.713141532364883;-102423.665902
-0.714712328691678;-102355.212427
-0.7162831250184728;-102286.458674
-0.7178539213452677;-102217.404226
-0.7194247176720626;-102148.048659
-0.7209955139988575;-102078.391553
-0.7225663103256524;-102008.432484
-0.7241371066524473;-101938.171026
-0.7257079029792423;-101867.606753
-0.7272786993060371;-101796.739237
-0.7288494956328321;-101725.568049
-0.7304202919596269;-101654.092759
-0.7319910882864218;-101582.312935
-0.7335618846132167;-101510.228144
-0.7351326809400116;-101437.837951
-0.7367034772668064;-101365.141921
-0.7382742735936014;-101292.139615
-0.7398450699203963;-101218.830596
-0.7414158662471911;-101145.214423
-0.7429866625739862;-101071.290655
-0.744557458900781;-100997.058848
-0.7461282552275759;-100922.518559
-0.7476990515543708;-100847.669341
-0.7492698478811657;-100772.510748
-0.7508406442079605;-100697.04233
-0.7524114405347555;-100621.263638
-0.7539822368615503;-100545.174221
-0.7555530331883452;-100468.773624
-0.7571238295151402;-100392.061394
-0.758694625841935;-100315.037075
-0.7602654221687299;-100237.700209
-0.7618362184955249;-100160.050337
-0.7634070148223198;-100082.087
-0.7649778111491146;-100003.809735
-0.7665486074759096;-99925.2180779
-0.7681194038027044;-99846.3115651
-0.7696902001294993;-99767.0897296
-0.7712609964562943;-99687.5521036
-0.7728317927830891;-99607.6982175
-0.774402589109884;-99527.5276004
-0.7759733854366789;-99447.0397796
-0.7775441817634738;-99366.2342811
-0.7791149780902686;-99285.1106292
-0.7806857744170637;-99203.6683465
-0.7822565707438585;-99121.9069544
-0.7838273670706534;-99039.8259723
-0.7853981633974483;-98957.4249183
-0.7869689597242432;-98874.7033088
-0.7885397560510381;-98791.6606585
-0.790110552377833;-98708.2964808
-0.7916813487046279;-98624.6102871
-0.7932521450314227;-98540.6015874
-0.7948229413582177;-98456.26989
-0.7963937376850125;-98371.6147016
-0.7979645340118074;-98286.6355272
-0.7995353303386024;-98201.3318703
-0.8011061266653973;-98115.7032324
-0.8026769229921921;-98029.7491136
-0.8042477193189871;-97943.4690123
-0.805818515645782;-97856.8624252
-0.8073893119725768;-97769.9288472
-0.8089601082993718;-97682.6677715
-0.8105309046261666;-97595.0786899
-0.8121017009529615;-97507.1610921
-0.8136724972797564;-97418.9144662
-0.8152432936065513;-97330.3382986
-0.8168140899333461;-97241.432074
-0.8183848862601412;-97152.1952752
-0.819955682586936;-97062.6273835
-0.8215264789137309;-96972.7278781
-0.8230972752405259;-96882.4962366
-0.8246680715673207;-96791.931935
-0.8262388678941156;-96701.0344472
-0.8278096642209105;-96609.8032453
-0.8293804605477054;-96518.2378
-0.8309512568745002;-96426.3375797
-0.8325220532012952;-96334.1020512
-0.83409284952809;-96241.5306795
-0.835663645854885;-96148.6229276
-0.8372344421816799;-96055.3782569
-0.8388052385084748;-95961.7961268
-0.8403760348352697;-95867.8759947
-0.8419468311620646;-95773.6173163
-0.8435176274888595;-95679.0195454
-0.8450884238156543;-95584.0821339
-0.8466592201424493;-95488.8045317
-0.8482300164692441;-95393.1861869
-0.849800812796039;-95297.2265456
-0.8513716091228339;-95200.9250521
-0.8529424054496288;-95104.2811487
-0.8545132017764238;-95007.2942756
-0.8560839981032187;-94909.9638712
-0.8576547944300136;-94812.289372
-0.8592255907568084;-94714.2702123
-0.8607963870836034;-94615.9058247
-0.8623671834103982;-94517.1956396
-0.8639379797371931;-94418.1390854
-0.865508776063988;-94318.7355886
-0.8670795723907829;-94218.9845736
-0.8686503687175777;-94118.8854627
-0.8702211650443727;-94018.4376764
-0.8717919613711677;-93917.640633
-0.8733627576979625;-93816.4937485
-0.8749335540247575;-93714.9964374
-0.8765043503515523;-93613.1481115
-0.8780751466783472;-93510.9481809
-0.8796459430051421;-93408.3960536
-0.881216739331937;-93305.4911353
-0.8827875356587318;-93202.2328296
-0.8843583319855268;-93098.6205382
-0.8859291283123216;-92994.6536603
-0.8874999246391165;-92890.3315934
-0.8890707209659116;-92785.6537324
-0.8906415172927064;-92680.6194702
-0.8922123136195013;-92575.2281977
-0.8937831099462962;-92469.4793033
-0.8953539062730911;-92363.3721734
-0.8969247025998859;-92256.9061922
-0.8984954989266809;-92150.0807415
-0.9000662952534757;-92042.8952011
-0.9016370915802706;-91935.3489483
-0.9032078879070655;-91827.4413584
-0.9047786842338604;-91719.1718042
-0.9063494805606553;-91610.5396564
-0.9079202768874503;-91501.5442834
-0.9094910732142452;-91392.1850511
-0.91106186954104;-91282.4613234
-0.912632665867835;-91172.3724616
-0.9142034621946298;-91061.9178249
-0.9157742585214247;-90951.09677
-0.9173450548482196;-90839.9086513
-0.9189158511750145;-90728.3528207
-0.9204866475018093;-90616.4286281
-0.9220574438286043;-90504.1354205
-0.9236282401553992;-90391.4725429
-0.925199036482194;-90278.4393378
-0.9267698328089891;-90165.0351451
-0.9283406291357839;-90051.2593024
-0.9299114254625788;-89937.1111449
-0.9314822217893737;-89822.5900053
-0.9330530181161686;-89707.6952137
-0.9346238144429634;-89592.426098
-0.9361946107697584;-89476.7819833
-0.9377654070965532;-89360.7621923
-0.9393362034233481;-89244.3660453
-0.9409069997501431;-89127.59286
-0.9424777960769379;-89010.4419514
-0.9440485924037328;-88892.9126321
-0.9456193887305278;-88775.0042123
-0.9471901850573227;-88656.7159991
-0.9487609813841175;-88538.0472976
-0.9503317777109125;-88418.9974099
-0.9519025740377073;-88299.5656357
-0.9534733703645022;-88179.7512718
-0.9550441666912971;-88059.5536126
-0.956614963018092;-87938.9719498
-0.9581857593448869;-87818.0055724
-0.9597565556716818;-87696.6537667
-0.9613273519984767;-87574.9158163
-0.9628981483252715;-87452.791002
-0.9644689446520666;-87330.2786021
-0.9660397409788614;-87207.377892
-0.9676105373056563;-87084.0881444
-0.9691813336324512;-86960.4086291
-0.9707521299592461;-86836.3386134
-0.972322926286041;-86711.8773616
-0.9738937226128359;-86587.0241352
-0.9754645189396308;-86461.7781929
-0.9770353152664256;-86336.1387906
-0.9786061115932206;-86210.1051814
-0.9801769079200154;-86083.6766154
-0.9817477042468103;-85956.8523399
-0.9833185005736053;-85829.6315993
-0.9848892969004002;-85702.0136351
-0.986460093227195;-85573.9976859
-0.98803088955399;-85445.5829873
-0.9896016858807849;-85316.768772
-0.9911724822075797;-85187.5542697
-0.9927432785343747;-85057.9387073
-0.9943140748611695;-84927.9213083
-0.9958848711879644;-84797.5012936
-0.9974556675147593;-84666.677881
-0.9990264638415542;-84535.4502849
-1.000597260168349;-84403.8177172
-1.002168056495144;-84271.7793863
-1.0037388528219389;-84139.3344977
-1.0053096491487339;-84006.4822537
-1.0068804454755287;-83873.2218537
-1.0084512418023235;-83739.5524937
-1.0100220381291185;-83605.4733666
-1.0115928344559133;-83470.9836624
-1.0131636307827083;-83336.0825676
-1.0147344271095031;-83200.7692656
-1.0163052234362981;-83065.0429366
-1.017876019763093;-82928.9027577
-1.019446816089888;-82792.3479025
-1.0210176124166828;-82655.3775415
-1.0225884087434776;-82517.990842
-1.0241592050702726;-82380.1869678
-1.0257300013970676;-82241.9650794
-1.0273007977238624;-82103.3243343
-1.0288715940506572;-81964.2638862
-1.030442390377452;-81824.7828857
-1.032013186704247;-81684.88048
-1.033583983031042;-81544.5558129
-1.0351547793578368;-81403.8080247
-1.0367255756846316;-81262.6362523
-1.0382963720114267;-81121.0396292
-1.0398671683382215;-80979.0172854
-1.0414379646650163;-80836.5683474
-1.0430087609918115;-80693.6919383
-1.0445795573186063;-80550.3871774
-1.046150353645401;-80406.6531809
-1.047721149972196;-80262.489061
-1.049291946298991;-80117.8939266
-1.0508627426257857;-79972.8668828
-1.0524335389525807;-79827.4070314
-1.0540043352793755;-79681.5134703
-1.0555751316061706;-79535.1852938
-1.0571459279329654;-79388.4215925
-1.0587167242597602;-79241.2214535
-1.0602875205865552;-79093.5839599
-1.0618583169133502;-78945.5081914
-1.063429113240145;-78796.9932236
-1.0649999095669398;-78648.0381286
-1.0665707058937348;-78498.6419747
-1.0681415022205296;-78348.8038262
-1.0697122985473244;-78198.5227438
-1.0712830948741194;-78047.7977842
-1.0728538912009145;-77896.6280002
-1.0744246875277093;-77745.012441
-1.075995483854504;-77592.9501515
-1.077566280181299;-77440.4401729
-1.0791370765080939;-77287.4815426
-1.080707872834889;-77134.0732936
-1.0822786691616837;-76980.2144553
-1.0838494654884787;-76825.9040529
-1.0854202618152735;-76671.1411077
-1.0869910581420683;-76515.9246368
-1.088561854468863;-76360.2536533
-1.0901326507956584;-76204.1271661
-1.0917034471224532;-76047.5441803
-1.093274243449248;-75890.5036964
-1.094845039776043;-75733.0047112
-1.0964158361028378;-75575.0462169
-1.0979866324296326;-75416.6272018
-1.0995574287564276;-75257.7466499
-1.1011282250832226;-75098.4035409
-1.1026990214100174;-74938.5968501
-1.1042698177368122;-74778.3255488
-1.105840614063607;-74617.5886038
-1.107411410390402;-74456.3849776
-1.108982206717197;-74294.7136282
-1.1105530030439918;-74132.5735095
-1.1121237993707869;-73969.9635707
-1.1136945956975817;-73806.8827568
-1.1152653920243765;-73643.3300081
-1.1168361883511713;-73479.3042607
-1.1184069846779665;-73314.8044459
-1.1199777810047613;-73149.8294907
-1.121548577331556;-72984.3783175
-1.1231193736583511;-72818.4498439
-1.124690169985146;-72652.0429832
-1.1262609663119407;-72485.156644
-1.1278317626387357;-72317.78973
-1.1294025589655308;-72149.9411406
-1.1309733552923256;-71981.6097702
-1.1325441516191204;-71812.7945086
-1.1341149479459152;-71643.4942408
-1.1356857442727102;-71473.7078471
-1.1372565405995052;-71303.4342029
-1.1388273369263;-71132.6721788
-1.140398133253095;-70961.4206404
-1.1419689295798898;-70789.6784488
-1.1435397259066846;-70617.4444597
-1.1451105222334794;-70444.7175243
-1.1466813185602747;-70271.4964885
-1.1482521148870695;-70097.7801933
-1.1498229112138643;-69923.5674748
-1.151393707540659;-69748.857164
-1.152964503867454;-69573.6480868
-1.1545353001942489;-69397.9390638
-1.156106096521044;-69221.7289108
-1.157676892847839;-69045.0164383
-1.1592476891746337;-68867.8004516
-1.1608184855014285;-68690.0797507
-1.1623892818282233;-68511.8531306
-1.1639600781550183;-68333.1193806
-1.1655308744818134;-68153.8772852
-1.1671016708086082;-67974.1256233
-1.168672467135403;-67793.8631683
-1.170243263462198;-67613.0886886
-1.1718140597889928;-67431.8009467
-1.1733848561157876;-67249.9987001
-1.1749556524425828;-67067.6807005
-1.1765264487693776;-66884.8456942
-1.1780972450961724;-66701.4924219
-1.1796680414229672;-66517.6196189
-1.1812388377497622;-66333.2260148
-1.182809634076557;-66148.3103334
-1.184380430403352;-65962.8712929
-1.1859512267301469;-65776.9076061
-1.1875220230569419;-65590.4179796
-1.1890928193837367;-65403.4011146
-1.1906636157105315;-65215.8557063
-1.1922344120373265;-65027.7804442
-1.1938052083641215;-64839.1740118
-1.1953760046909163;-64650.0350868
-1.1969468010177111;-64460.3623409
-1.1985175973445061;-64270.15444
-1.200088393671301;-64079.4100438
-1.2016591899980957;-63888.127806
-1.2032299863248908;-63696.3063744
-1.2048007826516858;-63503.9443906
-1.2063715789784806;-63311.04049
-1.2079423753052754;-63117.5933019
-1.2095131716320704;-62923.6014494
-1.2110839679588652;-62729.0635493
-1.2126547642856602;-62533.9782123
-1.214225560612455;-62338.3440425
-1.21579635693925;-62142.159638
-1.2173671532660448;-61945.4235902
-1.2189379495928396;-61748.1344843
-1.2205087459196344;-61550.2908989
-1.2220795422464297;-61351.8914063
-1.2236503385732245;-61152.9345719
-1.2252211349000193;-60953.4189551
-1.2267919312268143;-60753.3431081
-1.228362727553609;-60552.7055769
-1.229933523880404;-60351.5049005
-1.231504320207199;-60149.7396115
-1.233075116533994;-59947.4082354
-1.2346459128607887;-59744.5092912
-1.2362167091875835;-59541.0412909
-1.2377875055143783;-59337.0027397
-1.2393583018411733;-59132.3921358
-1.2409290981679684;-58927.2079705
-1.2424998944947632;-58721.4487281
-1.2440706908215582;-58515.1128858
-1.245641487148353;-58308.1989139
-1.2472122834751478;-58100.7052753
-1.2487830798019426;-57892.6304261
-1.2503538761287378;-57683.9728148
-1.2519246724555326;-57474.730883
-1.2534954687823274;-57264.9030648
-1.2550662651091222;-57054.4877871
-1.2566370614359172;-56843.4834692
-1.258207857762712;-56631.8885233
-1.259778654089507;-56419.701354
-1.261349450416302;-56206.9203583
-1.2629202467430969;-55993.5439258
-1.2644910430698917;-55779.5704383
-1.2660618393966865;-55564.9982704
-1.2676326357234815;-55349.8257884
-1.2692034320502765;-55134.0513515
-1.2707742283770713;-54917.6733106
-1.2723450247038661;-54700.6900091
-1.2739158210306611;-54483.0997824
-1.275486617357456;-54264.9009581
-1.2770574136842507;-54046.0918558
-1.278628210011046;-53826.6707869
-1.2801990063378408;-53606.6360551
-1.2817698026646356;-53385.9859557
-1.2833405989914304;-53164.7187759
-1.2849113953182254;-52942.832795
-1.2864821916450202;-52720.3262836
-1.2880529879718152;-52497.1975042
-1.28962378429861;-52273.4447111
-1.291194580625405;-52049.06615
-1.2927653769521998;-51824.0600582
-1.2943361732789946;-51598.4246646
-1.2959069696057897;-51372.1581894
-1.2974777659325847;-51145.2588442
-1.2990485622593795;-50917.7248322
-1.3006193585861743;-50689.5543476
-1.3021901549129693;-50460.745576
-1.303760951239764;-50231.296694
-1.305331747566559;-50001.2058697
-1.3069025438933541;-49770.4712618
-1.308473340220149;-49539.0910205
-1.3100441365469437;-49307.0632867
-1.3116149328737385;-49074.3861922
-1.3131857292005336;-48841.0578598
-1.3147565255273284;-48607.076403
-1.3163273218541234;-48372.4399262
-1.3178981181809182;-48137.1465242
-1.3194689145077132;-47901.1942828
-1.321039710834508;-47664.581278
-1.3226105071613028;-47427.3055767
-1.3241813034880978;-47189.3652361
-1.3257520998148928;-46950.7583036
-1.3273228961416876;-46711.4828173
-1.3288936924684824;-46471.5368053
-1.3304644887952775;-46230.9182862
-1.3320352851220723;-45989.6252684
-1.333606081448867;-45747.6557508
-1.335176877775662;-45505.0077221
-1.336747674102457;-45261.679161
-1.338318470429252;-45017.6680362
-1.3398892667560467;-44772.9723062
-1.3414600630828417;-44527.5899192
-1.3430308594096365;-44281.5188134
-1.3446016557364315;-44034.7569165
-1.3461724520632263;-43787.3021456
-1.3477432483900214;-43539.1524078
-1.3493140447168162;-43290.3055992
-1.350884841043611;-43040.7596056
-1.3524556373704057;-42790.5123021
-1.354026433697201;-42539.5615529
-1.3555972300239958;-42287.9052116
-1.3571680263507906;-42035.5411209
-1.3587388226775856;-41782.4671124
-1.3603096190043804;-41528.6810069
-1.3618804153311752;-41274.1806141
-1.3634512116579702;-41018.9637325
-1.3650220079847653;-40763.0281493
-1.36659280431156;-40506.3716407
-1.3681636006383548;-40248.9919711
-1.3697343969651496;-39990.8868939
-1.3713051932919447;-39732.0541509
-1.3728759896187397;-39472.4914721
-1.3744467859455345;-39212.1965761
-1.3760175822723295;-38951.1671697
-1.3775883785991243;-38689.4009478
-1.379159174925919;-38426.8955937
-1.380729971252714;-38163.6487784
-1.3823007675795091;-37899.6581611
-1.383871563906304;-37634.9213889
-1.3854423602330987;-37369.4360967
-1.3870131565598935;-37103.199907
-1.3885839528866886;-36836.2104301
-1.3901547492134834;-36568.4652639
-1.3917255455402784;-36299.9619937
-1.3932963418670734;-36030.6981924
-1.3948671381938682;-35760.67142
-1.396437934520663;-35489.8792239
-1.3980087308474578;-35218.3191387
-1.3995795271742528;-34945.988686
-1.4011503235010478;-34672.8853745
-1.4027211198278426;-34399.0066997
-1.4042919161546374;-34124.3501441
-1.4058627124814325;-33848.9131768
-1.4074335088082273;-33572.6932537
-1.409004305135022;-33295.6878171
-1.4105751014618173;-33017.894296
-1.412145897788612;-32739.3101056
-1.413716694115407;-32459.9326477
-1.4152874904422017;-32179.7593099
-1.4168582867689967;-31898.7874663
-1.4184290830957915;-31617.0144768
-1.4199998794225865;-31334.4376875
-1.4215706757493813;-31051.0544301
-1.4231414720761764;-30766.8620221
-1.4247122684029712;-30481.8577669
-1.426283064729766;-30196.0389531
-1.427853861056561;-29909.402855
-1.429424657383356;-29621.9467324
-1.4309954537101508;-29333.6678301
-1.4325662500369456;-29044.5633782
-1.4341370463637406;-28754.630592
-1.4357078426905354;-28463.8666715
-1.4372786390173302;-28172.2688019
-1.4388494353441252;-27879.8341529
-1.4404202316709203;-27586.5598792
-1.441991027997715;-27292.4431197
-1.4435618243245099;-26997.480998
-1.4451326206513049;-26701.6706221
-1.4467034169780997;-26405.0090841
-1.4482742133048947;-26107.4934604
-1.4498450096316895;-25809.1208114
-1.4514158059584845;-25509.8881813
-1.4529866022852793;-25209.7925984
-1.4545573986120741;-24908.8310745
-1.456128194938869;-24607.0006051
-1.4576989912656642;-24304.2981691
-1.459269787592459;-24000.720729
-1.4608405839192538;-23696.2652304
-1.4624113802460488;-23390.928602
-1.4639821765728436;-23084.7077557
-1.4655529728996384;-22777.5995863
-1.4671237692264334;-22469.6009712
-1.4686945655532284;-22160.7087709
-1.4702653618800232;-21850.9198281
-1.471836158206818;-21540.230968
-1.4734069545336128;-21228.6389983
-1.4749777508604078;-20916.1407088
-1.4765485471872029;-20602.7328714
-1.4781193435139977;-20288.4122399
-1.4796901398407927;-19973.1755501
-1.4812609361675875;-19657.0195193
-1.4828317324943823;-19339.9408464
-1.484402528821177;-19021.936212
-1.4859733251479723;-18703.0022778
-1.4875441214747671;-18383.1356866
-1.489114917801562;-18062.3330626
-1.4906857141283567;-17740.5910106
-1.4922565104551517;-17417.9061164
-1.4938273067819465;-17094.2749464
-1.4953981031087415;-16769.6940474
-1.4969688994355366;-16444.1599467
-1.4985396957623314;-16117.669152
-1.5001104920891262;-15790.2181508
-1.501681288415921;-15461.8034107
-1.503252084742716;-15132.4213792
-1.504822881069511;-14802.0684834
-1.5063936773963058;-14470.74113
-1.5079644737231006;-14138.435705
-1.5095352700498956;-13805.1485737
-1.5111060663766904;-13470.8760806
-1.5126768627034852;-13135.6145488
-1.5142476590302805;-12799.3602807
-1.5158184553570753;-12462.109557
-1.51738925168387;-12123.8586369
-1.5189600480106649;-11784.6037581
-1.5205308443374599;-11444.3411363
-1.5221016406642547;-11103.0669655
-1.5236724369910497;-10760.7774173
-1.5252432333178447;-10417.468641
-1.5268140296446395;-10073.1367637
-1.5283848259714343;-9727.7778897
-1.5299556222982291;-9381.3881005
-1.5315264186250241;-9033.96345471
-1.5330972149518192;-8685.49998785
-1.534668011278614;-8335.9937121
-1.5362388076054088;-7985.44061625
-1.5378096039322038;-7633.83666542
-1.5393804002589986;-7281.17780095
-1.5409511965857934;-6927.45994022
-1.5425219929125886;-6572.67897646
-1.5440927892393834;-6216.83077858
-1.5456635855661782;-5859.91119099
-1.547234381892973;-5501.91603341
-1.548805178219768;-5142.8411007
-1.5503759745465628;-4782.68216268
-1.5519467708733579;-4421.43496393
-1.5535175672001527;-4059.09522362
-1.5550883635269477;-3695.65863532
-1.5566591598537425;-3331.12086677
-1.5582299561805373;-2965.47755975
-1.5598007525073323;-2598.72432986
-1.5613715488341273;-2230.8567663
-1.5629423451609221;-1861.8704317
-1.564513141487717;-1491.76086193
-1.566083937814512;-1120.52356588
-1.5676547341413067;-748.154025248
-1.5692255304681015;-374.647694375
