PVC;
Déplacement (mm);Force (N)
0;31.99
0;31.99
0;31.99
0;31.99
0;31.99
0;31.99
0;31.99
0;31.99
0;16
0;16
0;31.99
0;31.99
0;31.99
0;31.99
0;31.99
0;31.99
0;31.99
0;31.99
0;31.99
0;31.99
0;31.99
0;31.99
0;31.99
0;31.99
0;31.99
0;31.99
0;31.99
0;31.99
0;31.99
0;31.99
0;31.99
0;31.99
0;31.99
0;16
0;16
0.06;0
0.06;0
0.06;0
0.06;0
0.06;0
0.06;0
0.06;0
0.06;0
0.06;0
0.06;0
0.06;0
0.06;0
0.06;0
0.06;0
0.06;0
0.06;0
0.06;0
0.06;0
0.06;0
0.06;0
0.06;0
0.06;0
0.06;0
0.06;0
0.06;0
0.06;0
0.06;0
0.06;0
0.06;0
0.06;0
0.06;0
0.06;0
0.06;0
0.06;0
0.06;0
0.06;31.99
0.06;47.99
0.11;16
0.11;16
0.11;47.99
0.17;31.99
0.17;63.98
0.17;47.99
0.17;79.98
0.22;63.98
0.22;79.98
0.28;63.98
0.28;79.98
0.28;79.98
0.34;63.98
0.34;95.97
0.34;95.97
0.39;63.98
0.39;63.98
0.39;63.98
0.39;95.97
0.45;79.98
0.45;95.97
0.45;63.98
0.45;95.97
0.51;95.97
0.56;63.98
0.56;79.98
0.56;111.97
0.56;95.97
0.56;127.96
0.56;159.95
0.62;127.96
0.62;143.96
0.62;159.95
0.62;175.95
0.67;143.96
0.67;127.96
0.67;159.95
0.67;175.95
0.73;143.96
0.73;175.95
0.73;159.95
0.73;175.95
0.73;159.95
0.73;159.95
0.73;191.94
0.73;175.95
0.73;191.94
0.73;175.95
0.73;207.94
0.73;207.94
0.73;239.93
0.79;191.94
0.79;191.94
0.79;223.94
0.79;207.94
0.79;223.94
0.79;255.93
0.79;271.92
0.84;239.93
0.84;255.93
0.84;287.92
0.84;303.91
0.9;271.92
0.9;287.92
0.9;319.91
0.9;303.91
0.9;335.9
0.9;319.91
0.9;351.9
0.95;335.9
0.95;367.89
0.95;351.9
0.95;367.89
0.95;383.89
0.95;399.88
1.01;367.89
1.01;367.89
1.01;383.89
1.01;415.88
1.01;431.88
1.01;431.88
1.07;399.88
1.07;415.88
1.07;415.88
1.07;447.87
1.07;431.88
1.07;463.87
1.07;463.87
1.07;495.86
1.12;447.87
1.12;447.87
1.12;479.86
1.12;463.87
1.12;479.86
1.12;511.85
1.12;511.85
1.12;527.85
1.18;479.86
1.18;495.86
1.18;495.86
1.18;527.85
1.18;511.85
1.18;543.84
1.18;543.84
1.18;543.84
1.18;559.84
1.18;559.84
1.24;511.85
1.24;527.85
1.24;527.85
1.24;543.84
1.24;543.84
1.24;575.83
1.24;559.84
1.24;591.83
1.24;591.83
1.29;575.83
1.29;575.83
1.29;607.82
1.29;591.83
1.29;623.82
1.29;607.82
1.29;639.82
1.29;639.82
1.29;655.81
1.35;623.82
1.35;623.82
1.35;639.82
1.35;671.81
1.35;655.81
1.35;671.81
1.35;687.8
1.35;703.8
1.4;655.81
1.4;671.81
1.4;687.8
1.4;703.8
1.4;687.8
1.4;719.79
1.4;735.79
1.46;703.8
1.46;719.79
1.46;735.79
1.46;735.79
1.46;751.78
1.46;735.79
1.46;767.78
1.46;783.77
1.52;751.78
1.52;751.78
1.52;783.77
1.52;799.77
1.52;815.76
1.57;767.78
1.57;783.77
1.57;783.77
1.57;815.76
1.57;831.76
1.57;847.75
1.63;799.77
1.63;815.76
1.63;831.76
1.63;847.75
1.63;863.75
1.63;879.75
1.63;879.75
1.68;831.76
1.68;847.75
1.68;863.75
1.68;863.75
1.68;895.74
1.68;911.74
1.68;911.74
1.68;927.73
1.74;879.75
1.74;895.74
1.74;895.74
1.74;911.74
1.74;943.73
1.74;943.73
1.8;927.73
1.8;927.73
1.8;959.72
1.8;975.72
1.8;975.72
1.85;943.73
1.85;959.72
1.85;959.72
1.85;991.71
1.85;991.71
1.85;1007.71
1.85;1023.7
1.91;975.72
1.91;975.72
1.91;991.71
1.91;991.71
1.91;1023.7
1.91;1007.71
1.91;1039.7
1.91;1055.69
1.97;1023.7
1.97;1039.7
1.97;1023.7
1.97;1039.7
1.97;1055.69
1.97;1039.7
1.97;1071.69
2.02;1055.69
2.02;1087.69
2.02;1087.69
2.02;1103.68
2.02;1103.68
2.08;1071.69
2.08;1071.69
2.08;1087.69
2.08;1087.69
2.08;1119.68
2.08;1103.68
2.08;1119.68
2.13;1103.68
2.13;1135.67
2.13;1119.68
2.13;1135.67
2.13;1119.68
2.13;1151.67
2.13;1151.67
2.19;1135.67
2.19;1135.67
2.19;1167.66
2.19;1151.67
2.19;1167.66
2.25;1151.67
2.25;1183.66
2.25;1167.66
2.25;1183.66
2.25;1167.66
2.25;1199.65
2.25;1183.66
2.25;1199.65
2.25;1215.65
2.3;1183.66
2.3;1199.65
2.3;1215.65
2.3;1199.65
2.3;1215.65
2.3;1231.64
2.36;1215.65
2.36;1215.65
2.36;1231.64
2.36;1215.65
2.36;1247.64
2.36;1247.64
2.41;1231.64
2.41;1231.64
2.41;1247.64
2.41;1247.64
2.41;1263.63
2.41;1263.63
2.41;1279.63
2.47;1247.64
2.47;1247.64
2.47;1247.64
2.47;1279.63
2.47;1263.63
2.47;1279.63
2.47;1295.63
2.47;1295.63
2.53;1263.63
2.53;1279.63
2.53;1279.63
2.53;1295.63
2.53;1279.63
2.53;1295.63
2.53;1311.62
2.58;1295.63
2.58;1295.63
2.58;1311.62
2.58;1295.63
2.58;1311.62
2.58;1327.62
2.64;1295.63
2.64;1311.62
2.64;1327.62
2.64;1311.62
2.64;1327.62
2.64;1327.62
2.64;1327.62
2.7;1311.62
2.7;1311.62
2.7;1311.62
2.7;1343.61
2.7;1327.62
2.7;1343.61
2.75;1327.62
2.75;1343.61
2.75;1327.62
2.75;1343.61
2.75;1327.62
2.75;1343.61
2.75;1343.61
2.81;1327.62
2.81;1343.61
2.81;1359.61
2.81;1343.61
2.81;1359.61
2.81;1359.61
2.86;1343.61
2.86;1343.61
2.86;1359.61
2.86;1343.61
2.86;1359.61
2.86;1359.61
2.92;1343.61
2.92;1343.61
2.92;1359.61
2.92;1343.61
2.92;1359.61
2.92;1343.61
2.92;1359.61
2.98;1343.61
2.98;1359.61
2.98;1359.61
2.98;1359.61
2.98;1359.61
2.98;1359.61
2.98;1343.61
2.98;1359.61
2.98;1359.61
3.03;1359.61
3.03;1359.61
3.03;1359.61
3.03;1359.61
3.03;1359.61
3.03;1359.61
3.09;1359.61
3.09;1343.61
3.09;1359.61
3.09;1343.61
3.09;1359.61
3.09;1343.61
3.09;1359.61
3.09;1359.61
3.14;1343.61
3.14;1343.61
3.14;1359.61
3.14;1359.61
3.14;1343.61
3.2;1343.61
3.2;1343.61
3.2;1343.61
3.2;1359.61
3.2;1327.62
3.2;1343.61
3.2;1343.61
3.2;1343.61
3.26;1327.62
3.26;1327.62
3.26;1327.62
3.26;1343.61
3.26;1343.61
3.26;1327.62
3.31;1327.62
3.31;1327.62
3.31;1327.62
3.31;1327.62
3.31;1311.62
3.31;1327.62
3.31;1327.62
3.37;1311.62
3.37;1311.62
3.37;1311.62
3.37;1311.62
3.37;1327.62
3.37;1311.62
3.43;1311.62
3.43;1311.62
3.43;1311.62
3.43;1295.63
3.43;1311.62
3.43;1295.63
3.43;1311.62
3.43;1295.63
3.43;1295.63
3.48;1295.63
3.48;1295.63
3.48;1295.63
3.48;1295.63
3.48;1295.63
3.48;1295.63
3.54;1279.63
3.54;1295.63
3.54;1279.63
3.54;1295.63
3.54;1279.63
3.54;1279.63
3.59;1279.63
3.59;1279.63
3.59;1279.63
3.59;1279.63
3.59;1279.63
3.59;1279.63
3.65;1263.63
3.65;1263.63
3.65;1263.63
3.65;1263.63
3.65;1263.63
3.65;1263.63
3.65;1263.63
3.71;1247.64
3.71;1247.64
3.71;1263.63
3.71;1247.64
3.71;1247.64
3.76;1247.64
3.76;1247.64
3.76;1247.64
3.76;1247.64
3.76;1247.64
3.76;1247.64
3.82;1231.64
3.82;1231.64
3.82;1231.64
3.82;1247.64
3.82;1231.64
3.82;1231.64
3.82;1231.64
3.82;1231.64
3.87;1231.64
3.87;1231.64
3.87;1231.64
3.87;1231.64
3.87;1215.65
3.87;1231.64
3.87;1215.65
3.87;1231.64
3.87;1231.64
3.87;1215.65
3.93;1215.65
3.93;1215.65
3.93;1215.65
3.93;1215.65
3.99;1215.65
3.99;1215.65
3.99;1199.65
3.99;1215.65
3.99;1199.65
3.99;1215.65
3.99;1215.65
4.04;1199.65
4.04;1199.65
4.04;1199.65
4.04;1199.65
4.04;1199.65
4.04;1199.65
4.04;1199.65
4.1;1199.65
4.1;1199.65
4.1;1199.65
4.1;1199.65
4.1;1183.66
4.1;1199.65
4.1;1199.65
4.16;1183.66
4.16;1183.66
4.16;1199.65
4.16;1183.66
4.16;1183.66
4.16;1183.66
4.16;1183.66
4.16;1183.66
4.21;1183.66
4.21;1183.66
4.21;1183.66
4.21;1183.66
4.21;1183.66
4.27;1183.66
4.27;1183.66
4.27;1167.66
4.27;1183.66
4.27;1167.66
4.27;1183.66
4.27;1167.66
4.27;1167.66
4.32;1167.66
4.32;1167.66
4.32;1167.66
4.32;1167.66
4.32;1167.66
4.32;1167.66
4.32;1167.66
4.38;1167.66
4.38;1167.66
4.38;1167.66
4.38;1167.66
4.38;1167.66
4.44;1167.66
4.44;1167.66
4.44;1151.67
4.44;1167.66
4.44;1151.67
4.44;1167.66
4.44;1151.67
4.44;1167.66
4.49;1151.67
4.49;1167.66
4.49;1151.67
4.49;1151.67
4.49;1151.67
4.49;1151.67
4.55;1151.67
4.55;1151.67
4.55;1151.67
4.55;1151.67
4.55;1151.67
4.55;1151.67
4.55;1151.67
4.6;1151.67
4.6;1151.67
4.6;1151.67
4.6;1135.67
4.6;1151.67
4.6;1135.67
4.6;1135.67
4.6;1151.67
4.66;1135.67
4.66;1135.67
4.66;1135.67
4.66;1135.67
4.72;1135.67
4.72;1135.67
4.72;1135.67
4.72;1135.67
4.72;1135.67
4.72;1135.67
4.72;1135.67
4.77;1135.67
4.77;1135.67
4.77;1135.67
4.77;1135.67
4.77;1135.67
4.77;1135.67
4.77;1135.67
4.77;1135.67
4.83;1135.67
4.83;1135.67
4.83;1119.68
4.83;1135.67
4.83;1119.68
4.83;1119.68
4.89;1119.68
4.89;1119.68
4.89;1119.68
4.89;1119.68
4.89;1119.68
4.89;1119.68
4.94;1119.68
4.94;1119.68
4.94;1119.68
4.94;1119.68
4.94;1119.68
4.94;1119.68
4.94;1119.68
4.94;1119.68
4.94;1119.68
5;1119.68
5;1119.68
5;1119.68
5;1119.68
5;1119.68
5;1119.68
5;1103.68
5.05;1119.68
5.05;1119.68
5.05;1103.68
5.05;1103.68
5.05;1103.68
5.05;1103.68
5.05;1103.68
5.05;1103.68
5.05;1103.68
5.11;1103.68
5.11;1103.68
5.11;1103.68
5.17;1103.68
5.17;1103.68
5.17;1103.68
5.17;1103.68
5.17;1103.68
5.17;1103.68
5.17;1103.68
5.17;1103.68
5.22;1103.68
5.22;1103.68
5.22;1103.68
5.22;1103.68
5.22;1087.69
5.22;1103.68
5.22;1103.68
5.22;1103.68
5.28;1103.68
5.28;1087.69
5.28;1087.69
5.28;1087.69
5.28;1087.69
5.28;1087.69
5.33;1087.69
5.33;1087.69
5.33;1087.69
5.33;1087.69
5.33;1087.69
5.33;1087.69
5.33;1087.69
5.33;1087.69
5.39;1087.69
5.39;1087.69
5.39;1087.69
5.39;1087.69
5.45;1087.69
5.45;1087.69
5.45;1087.69
5.45;1087.69
5.45;1087.69
5.45;1087.69
5.5;1087.69
5.5;1087.69
5.5;1087.69
5.5;1087.69
5.5;1087.69
5.5;1071.69
5.5;1087.69
5.5;1071.69
5.56;1071.69
5.56;1071.69
5.56;1071.69
5.56;1071.69
5.56;1071.69
5.56;1071.69
5.62;1071.69
5.62;1071.69
5.62;1071.69
5.62;1071.69
5.62;1071.69
5.62;1071.69
5.67;1071.69
5.67;1071.69
5.67;1071.69
5.67;1071.69
5.67;1071.69
5.67;1071.69
5.67;1071.69
5.67;1071.69
5.67;1071.69
5.73;1071.69
5.73;1071.69
5.73;1055.69
5.73;1071.69
5.73;1055.69
5.78;1071.69
5.78;1055.69
5.78;1055.69
5.78;1055.69
5.78;1055.69
5.78;1055.69
5.84;1055.69
5.84;1055.69
5.84;1055.69
5.84;1055.69
5.84;1055.69
5.84;1055.69
5.84;1055.69
5.84;1055.69
5.9;1055.69
5.9;1055.69
5.9;1055.69
5.9;1055.69
5.9;1055.69
5.9;1055.69
5.95;1055.69
5.95;1055.69
5.95;1055.69
5.95;1055.69
5.95;1055.69
5.95;1055.69
5.95;1055.69
5.95;1039.7
6.01;1055.69
6.01;1039.7
6.01;1055.69
6.01;1039.7
6.01;1055.69
6.01;1039.7
6.06;1055.69
6.06;1039.7
6.06;1039.7
6.06;1039.7
6.06;1039.7
6.06;1039.7
6.12;1039.7
6.12;1039.7
6.12;1039.7
6.12;1039.7
6.12;1039.7
6.12;1039.7
6.18;1039.7
6.18;1039.7
6.18;1039.7
6.18;1039.7
6.18;1039.7
6.18;1039.7
6.18;1039.7
6.18;1039.7
6.23;1039.7
6.23;1023.7
6.23;1039.7
6.23;1023.7
6.29;1039.7
6.29;1023.7
6.29;1039.7
6.29;1023.7
6.29;1039.7
6.29;1023.7
6.29;1039.7
6.35;1023.7
6.35;1023.7
6.35;1023.7
6.35;1023.7
6.35;1023.7
6.4;1023.7
6.4;1023.7
6.4;1023.7
6.4;1023.7
6.4;1023.7
6.4;1023.7
6.4;1023.7
6.4;1023.7
6.46;1023.7
6.46;1023.7
6.46;1023.7
6.46;1023.7
6.46;1023.7
6.46;1007.71
6.51;1023.7
6.51;1007.71
6.51;1023.7
6.51;1007.71
6.51;1023.7
6.51;1007.71
6.51;1023.7
6.51;1007.71
6.57;1023.7
6.57;1007.71
6.57;1023.7
6.57;1007.71
6.57;1023.7
6.57;1007.71
6.57;1007.71
6.63;1007.71
6.63;1007.71
6.63;1007.71
6.63;1007.71
6.63;1007.71
6.63;1007.71
6.68;991.71
6.68;1007.71
6.68;991.71
6.68;1007.71
6.68;991.71
6.68;1007.71
6.74;991.71
6.74;1007.71
6.74;991.71
6.74;1007.71
6.74;991.71
6.79;1007.71
6.79;991.71
6.79;991.71
6.79;991.71
6.79;1007.71
6.79;991.71
6.79;991.71
6.79;991.71
6.79;991.71
6.85;991.71
6.85;991.71
6.85;991.71
6.85;991.71
6.85;991.71
6.85;991.71
6.91;991.71
6.91;991.71
6.91;991.71
6.91;991.71
6.96;975.72
6.96;991.71
6.96;975.72
6.96;991.71
6.96;975.72
6.96;991.71
6.96;975.72
6.96;991.71
6.96;975.72
7.02;991.71
7.02;975.72
7.02;991.71
7.02;975.72
7.02;991.71
7.02;975.72
7.02;975.72
7.02;975.72
7.02;975.72
7.08;975.72
7.08;975.72
7.08;975.72
7.08;975.72
7.08;975.72
7.08;975.72
7.08;975.72
7.13;975.72
7.13;975.72
7.13;975.72
7.13;959.72
7.13;975.72
7.19;959.72
7.19;975.72
7.19;959.72
7.24;975.72
7.24;959.72
7.24;975.72
7.24;959.72
7.24;975.72
7.24;959.72
7.24;975.72
7.24;959.72
7.3;975.72
7.3;959.72
7.3;959.72
7.3;959.72
7.3;959.72
7.3;959.72
7.3;975.72
7.36;959.72
7.36;959.72
7.36;959.72
7.36;959.72
7.36;959.72
7.36;959.72
7.36;959.72
7.36;959.72
7.41;959.72
7.41;959.72
7.41;943.73
7.41;959.72
7.47;943.73
7.47;959.72
7.47;943.73
7.47;959.72
7.47;943.73
7.47;959.72
7.47;943.73
7.47;959.72
7.47;943.73
7.47;959.72
7.47;943.73
7.52;943.73
7.52;943.73
7.52;943.73
7.58;943.73
7.58;943.73
7.58;943.73
7.58;943.73
7.58;943.73
7.64;927.73
7.64;927.73
7.64;943.73
7.64;927.73
7.64;943.73
7.64;927.73
7.64;943.73
7.64;927.73
7.64;943.73
7.69;927.73
7.69;943.73
7.69;927.73
7.69;943.73
7.69;927.73
7.69;943.73
7.69;927.73
7.75;943.73
7.75;927.73
7.75;943.73
7.75;927.73
7.75;943.73
7.81;927.73
7.81;943.73
7.81;927.73
7.81;927.73
7.81;927.73
7.81;927.73
7.81;927.73
7.81;927.73
7.86;927.73
7.86;927.73
7.86;927.73
7.86;927.73
7.86;927.73
7.86;927.73
7.86;927.73
7.92;927.73
7.92;911.74
7.92;927.73
7.92;911.74
7.92;927.73
7.92;911.74
7.92;927.73
7.97;911.74
7.97;927.73
7.97;911.74
7.97;927.73
7.97;911.74
8.03;927.73
8.03;911.74
8.03;927.73
8.03;911.74
8.03;927.73
8.03;911.74
8.03;927.73
8.09;911.74
8.09;927.73
8.09;911.74
8.09;911.74
8.09;911.74
8.09;911.74
8.14;911.74
8.14;911.74
8.14;911.74
8.14;911.74
8.14;911.74
8.14;911.74
8.2;911.74
8.2;911.74
8.2;911.74
8.2;911.74
8.2;911.74
8.2;911.74
8.2;895.74
8.2;911.74
8.25;895.74
8.25;911.74
8.25;895.74
8.25;911.74
8.25;895.74
8.25;911.74
8.25;895.74
8.25;911.74
8.31;895.74
8.31;911.74
8.31;895.74
8.31;911.74
8.31;911.74
8.37;895.74
8.37;895.74
8.37;911.74
8.37;895.74
8.37;911.74
8.37;895.74
8.42;911.74
8.42;895.74
8.42;911.74
8.42;895.74
8.42;911.74
8.42;895.74
8.42;911.74
8.42;911.74
8.48;895.74
8.48;895.74
8.48;911.74
8.48;895.74
8.48;895.74
8.48;895.74
8.54;879.75
8.54;879.75
8.54;895.74
8.54;895.74
8.54;895.74
8.54;895.74
8.54;895.74
8.59;895.74
8.59;895.74
8.59;879.75
8.59;895.74
8.59;879.75
8.59;895.74
8.59;895.74
8.65;879.75
8.65;879.75
8.65;895.74
8.65;879.75
8.65;895.74
8.65;879.75
8.65;895.74
8.65;879.75
8.65;895.74
8.7;879.75
8.7;895.74
8.7;879.75
8.7;895.74
8.7;895.74
8.76;879.75
8.76;879.75
8.76;895.74
8.76;879.75
8.76;895.74
8.76;879.75
8.76;895.74
8.82;879.75
8.82;879.75
8.82;879.75
8.82;895.74
8.82;879.75
8.82;895.74
8.82;879.75
8.82;895.74
8.87;879.75
8.87;895.74
8.87;879.75
8.87;879.75
8.87;879.75
8.87;879.75
8.93;879.75
8.93;879.75
8.93;863.75
8.93;879.75
8.93;863.75
8.93;879.75
8.93;879.75
8.98;879.75
8.98;879.75
8.98;879.75
8.98;863.75
8.98;879.75
9.04;863.75
9.04;879.75
9.04;863.75
9.04;879.75
9.04;863.75
9.04;879.75
9.1;863.75
9.1;879.75
9.1;863.75
9.1;879.75
9.1;863.75
9.1;879.75
9.1;863.75
9.1;879.75
9.1;879.75
9.15;863.75
9.15;863.75
9.15;879.75
9.15;863.75
9.15;879.75
9.15;879.75
9.21;863.75
9.21;863.75
9.21;879.75
9.21;863.75
9.21;879.75
9.21;863.75
9.27;879.75
9.27;863.75
9.27;879.75
9.27;863.75
9.27;879.75
9.27;863.75
9.27;879.75
9.27;863.75
9.32;879.75
9.32;863.75
9.32;879.75
9.32;863.75
9.32;879.75
9.32;863.75
9.32;879.75
9.38;863.75
9.38;863.75
9.38;863.75
9.38;879.75
9.43;863.75
9.43;863.75
9.43;863.75
9.43;879.75
9.43;863.75
9.43;879.75
9.43;863.75
9.43;863.75
9.43;863.75
9.49;863.75
9.49;863.75
9.49;863.75
9.49;863.75
9.49;863.75
9.49;863.75
9.49;863.75
9.49;847.75
9.49;863.75
9.55;863.75
9.55;863.75
9.55;847.75
9.55;863.75
9.55;847.75
9.55;863.75
9.6;847.75
9.6;863.75
9.6;847.75
9.6;863.75
9.6;847.75
9.6;863.75
9.6;863.75
9.66;847.75
9.66;847.75
9.66;863.75
9.66;847.75
9.66;863.75
9.66;863.75
9.71;847.75
9.71;847.75
9.71;863.75
9.71;847.75
9.71;863.75
9.71;847.75
9.71;863.75
9.71;863.75
9.77;847.75
9.77;847.75
9.77;863.75
9.77;847.75
9.77;863.75
9.83;847.75
9.83;863.75
9.83;847.75
9.83;863.75
9.83;847.75
9.83;863.75
9.88;847.75
9.88;863.75
9.88;847.75
9.88;863.75
9.88;847.75
9.88;863.75
9.88;847.75
9.88;863.75
9.88;863.75
9.94;847.75
9.94;847.75
9.94;863.75
9.94;847.75
9.94;863.75
10;847.75
10;863.75
10;847.75
10;863.75
10;847.75
10;863.75
10;847.75
10;863.75
10.05;847.75
10.05;863.75
10.05;847.75
10.05;863.75
10.05;847.75
10.05;863.75
10.05;847.75
10.05;863.75
10.11;847.75
10.11;863.75
10.11;847.75
10.11;863.75
10.16;847.75
10.16;847.75
10.16;847.75
10.16;863.75
10.16;847.75
10.16;863.75
10.16;847.75
10.16;847.75
10.22;831.76
10.22;847.75
10.22;847.75
10.22;863.75
10.22;847.75
10.22;863.75
10.22;847.75
10.28;831.76
10.28;831.76
10.28;863.75
10.28;831.76
10.28;863.75
10.28;847.75
10.33;847.75
10.33;831.76
10.33;863.75
10.33;831.76
10.33;847.75
10.33;831.76
10.33;847.75
10.39;831.76
10.39;847.75
10.39;847.75
10.39;847.75
10.44;831.76
10.44;831.76
10.44;831.76
10.44;847.75
10.44;831.76
10.44;847.75
10.44;831.76
10.44;847.75
10.44;847.75
10.5;831.76
10.5;847.75
10.5;831.76
10.5;831.76
10.5;847.75
10.5;831.76
10.56;847.75
10.56;831.76
10.56;847.75
10.56;831.76
10.56;847.75
10.56;847.75
10.61;831.76
10.61;831.76
10.61;847.75
10.61;831.76
10.61;847.75
10.61;831.76
10.61;847.75
10.61;831.76
10.61;847.75
10.67;831.76
10.67;847.75
10.67;831.76
10.67;847.75
10.67;847.75
10.67;847.75
10.73;831.76
10.73;831.76
10.73;831.76
10.73;847.75
10.73;847.75
10.73;847.75
10.78;831.76
10.78;831.76
10.78;831.76
10.78;847.75
10.78;847.75
10.78;847.75
10.84;831.76
10.84;831.76
10.84;831.76
10.84;847.75
10.84;831.76
10.84;847.75
10.84;847.75
10.89;831.76
10.89;831.76
10.89;847.75
10.89;815.76
10.89;847.75
10.89;831.76
10.89;847.75
10.95;831.76
10.95;847.75
10.95;815.76
10.95;847.75
10.95;831.76
10.95;847.75
10.95;847.75
11.01;831.76
11.01;815.76
11.01;847.75
11.01;847.75
11.01;847.75
11.01;847.75
11.06;815.76
11.06;815.76
11.06;815.76
11.06;815.76
11.06;847.75
11.06;815.76
11.06;847.75
11.12;815.76
11.12;847.75
11.12;815.76
11.12;847.75
11.12;815.76
11.12;847.75
11.12;847.75
11.17;815.76
11.17;815.76
11.17;847.75
11.17;847.75
11.17;847.75
11.23;815.76
11.23;815.76
11.23;815.76
11.23;847.75
11.23;831.76
11.23;847.75
11.29;815.76
11.29;815.76
11.29;815.76
11.29;831.76
11.29;847.75
11.29;815.76
11.29;831.76
11.29;831.76
11.34;815.76
11.34;815.76
11.34;815.76
11.34;831.76
11.34;815.76
11.34;831.76
11.34;831.76
11.4;815.76
11.4;815.76
11.4;831.76
11.4;831.76
11.46;815.76
11.46;815.76
11.46;831.76
11.46;815.76
11.46;831.76
11.46;831.76
11.46;831.76
11.51;815.76
11.51;815.76
11.51;831.76
11.51;815.76
11.51;815.76
11.51;831.76
11.57;815.76
11.57;831.76
11.57;815.76
11.57;831.76
11.57;815.76
11.57;831.76
11.57;815.76
11.57;831.76
11.57;831.76
11.62;815.76
11.62;815.76
11.62;831.76
11.62;831.76
11.62;831.76
11.62;831.76
11.68;815.76
11.68;815.76
11.68;815.76
11.68;815.76
11.68;831.76
11.68;831.76
11.68;831.76
11.74;815.76
11.74;815.76
11.74;815.76
11.74;831.76
11.74;831.76
11.79;815.76
11.79;815.76
11.79;831.76
11.79;815.76
11.79;831.76
11.79;831.76
11.79;831.76
11.85;815.76
11.85;815.76
11.85;815.76
11.85;831.76
11.85;815.76
11.85;831.76
11.9;815.76
11.9;831.76
11.9;815.76
11.9;831.76
11.9;831.76
11.9;831.76
11.9;831.76
11.96;815.76
11.96;815.76
11.96;815.76
11.96;815.76
11.96;831.76
11.96;815.76
11.96;831.76
11.96;831.76
12.02;815.76
12.02;799.77
12.02;831.76
12.02;799.77
12.02;831.76
12.02;831.76
12.07;799.77
12.07;799.77
12.07;831.76
12.07;831.76
12.07;831.76
12.13;799.77
12.13;799.77
12.13;799.77
12.13;831.76
12.13;831.76
12.13;831.76
12.13;831.76
12.19;799.77
12.19;799.77
12.19;799.77
12.19;799.77
12.19;831.76
12.19;799.77
12.19;815.76
12.19;815.76
12.24;799.77
12.24;799.77
12.24;815.76
12.24;799.77
12.24;831.76
12.24;815.76
12.3;799.77
12.3;799.77
12.3;815.76
12.3;799.77
12.3;815.76
12.3;815.76
12.3;815.76
12.35;799.77
12.35;799.77
12.35;799.77
12.35;831.76
12.35;799.77
12.35;815.76
12.35;815.76
12.41;799.77
12.41;799.77
12.41;815.76
12.41;815.76
12.41;815.76
12.41;815.76
12.47;799.77
12.47;799.77
12.47;799.77
12.47;799.77
12.47;815.76
12.47;815.76
12.52;799.77
12.52;799.77
12.52;815.76
12.52;799.77
12.52;815.76
12.52;799.77
12.52;815.76
12.58;799.77
12.58;815.76
12.58;815.76
12.58;815.76
12.58;815.76
12.63;799.77
12.63;799.77
12.63;799.77
12.63;799.77
12.63;815.76
12.63;799.77
12.63;815.76
12.63;815.76
12.69;799.77
12.69;799.77
12.69;815.76
12.69;799.77
12.69;815.76
12.69;815.76
12.75;799.77
12.75;799.77
12.75;815.76
12.75;815.76
12.75;815.76
12.75;815.76
12.8;799.77
12.8;799.77
12.8;799.77
12.8;799.77
12.8;815.76
12.8;799.77
12.8;815.76
12.8;815.76
12.86;799.77
12.86;799.77
12.86;815.76
12.86;815.76
12.86;815.76
12.92;799.77
12.92;799.77
12.92;783.77
12.92;815.76
12.92;799.77
12.92;815.76
12.92;815.76
12.92;815.76
12.97;799.77
12.97;783.77
12.97;783.77
12.97;815.76
12.97;815.76
12.97;815.76
12.97;815.76
13.03;783.77
13.03;783.77
13.03;799.77
13.03;815.76
13.03;815.76
13.03;815.76
13.08;783.77
13.08;783.77
13.08;799.77
13.08;783.77
13.08;815.76
13.08;783.77
13.08;815.76
13.08;783.77
13.08;815.76
13.14;783.77
13.14;815.76
13.14;783.77
13.14;815.76
13.14;815.76
13.14;815.76
13.2;783.77
13.2;783.77
13.2;783.77
13.2;815.76
13.2;783.77
13.2;815.76
13.25;783.77
13.25;815.76
13.25;783.77
13.25;815.76
13.25;815.76
13.25;815.76
13.25;799.77
13.31;783.77
13.31;783.77
13.31;783.77
13.31;783.77
13.31;799.77
13.31;815.76
13.31;815.76
13.36;783.77
13.36;783.77
13.36;783.77
13.36;815.76
13.36;799.77
13.36;815.76
13.36;799.77
13.42;783.77
13.42;783.77
13.42;783.77
13.42;815.76
13.42;799.77
13.42;799.77
13.48;783.77
13.48;783.77
13.48;783.77
13.48;783.77
13.48;799.77
13.48;799.77
13.53;783.77
13.53;783.77
13.53;799.77
13.53;783.77
13.53;799.77
13.53;783.77
13.53;799.77
13.53;799.77
13.59;783.77
13.59;783.77
13.59;799.77
13.59;799.77
13.65;783.77
13.65;783.77
13.65;799.77
13.65;783.77
13.65;799.77
13.65;799.77
13.65;799.77
13.65;799.77
13.7;783.77
13.7;783.77
13.7;783.77
13.7;783.77
13.7;799.77
13.7;799.77
13.7;799.77
13.76;783.77
13.76;783.77
13.76;783.77
13.76;799.77
13.76;799.77
13.76;799.77
13.81;783.77
13.81;783.77
13.81;783.77
13.81;799.77
13.81;783.77
13.81;799.77
13.81;783.77
13.81;799.77
13.81;799.77
13.87;783.77
13.87;783.77
13.87;799.77
13.87;799.77
13.87;799.77
13.87;799.77
13.93;783.77
13.93;783.77
13.93;783.77
13.93;783.77
13.93;799.77
13.93;799.77
13.98;783.77
13.98;767.78
13.98;799.77
13.98;799.77
13.98;799.77
14.04;783.77
14.04;767.78
14.04;783.77
14.04;799.77
14.04;799.77
14.04;799.77
14.09;783.77
14.09;767.78
14.09;767.78
14.09;799.77
14.09;767.78
14.09;799.77
14.09;799.77
14.15;767.78
14.15;767.78
14.15;799.77
14.15;767.78
14.15;799.77
14.15;767.78
14.15;799.77
14.15;799.77
14.15;799.77
14.15;799.77
14.21;767.78
14.21;767.78
14.21;767.78
14.21;767.78
14.21;799.77
14.21;799.77
14.26;767.78
14.26;767.78
14.26;799.77
14.26;767.78
14.26;799.77
14.26;799.77
14.32;767.78
14.32;767.78
14.32;783.77
14.32;783.77
14.32;783.77
14.38;767.78
14.38;767.78
14.38;767.78
14.38;799.77
14.38;767.78
14.38;783.77
14.38;799.77
14.43;767.78
14.43;767.78
14.43;783.77
14.43;767.78
14.43;783.77
14.43;783.77
14.43;783.77
14.49;767.78
14.49;767.78
14.49;767.78
14.49;783.77
14.49;767.78
14.49;783.77
14.49;783.77
14.54;767.78
14.54;767.78
14.54;783.77
14.54;767.78
14.54;783.77
14.54;767.78
14.54;783.77
14.54;783.77
14.6;767.78
14.6;767.78
14.6;783.77
14.6;767.78
14.6;783.77
14.6;783.77
14.66;767.78
14.66;767.78
14.66;783.77
14.66;767.78
14.66;783.77
14.66;783.77
14.71;767.78
14.71;767.78
14.71;783.77
14.71;767.78
14.71;783.77
14.71;783.77
14.77;767.78
14.77;767.78
14.77;783.77
14.77;767.78
14.77;783.77
14.77;767.78
14.77;783.77
14.77;783.77
14.82;751.78
14.82;767.78
14.82;783.77
14.82;783.77
14.82;783.77
14.82;783.77
14.88;767.78
14.88;767.78
14.88;767.78
14.88;767.78
14.88;783.77
14.88;783.77
14.94;767.78
14.94;767.78
14.94;783.77
14.94;767.78
14.94;783.77
14.94;783.77
14.99;751.78
14.99;751.78
14.99;783.77
14.99;767.78
14.99;783.77
14.99;783.77
14.99;783.77
15.05;767.78
15.05;751.78
15.05;751.78
15.05;783.77
15.05;751.78
15.05;783.77
15.05;767.78
15.1;751.78
15.1;751.78
15.1;767.78
15.1;783.77
15.1;767.78
15.1;767.78
15.16;751.78
15.16;751.78
15.16;751.78
15.16;751.78
15.16;767.78
15.16;751.78
15.16;767.78
15.16;767.78
15.22;751.78
15.22;751.78
15.22;767.78
15.22;751.78
15.22;767.78
15.22;767.78
15.22;767.78
15.27;751.78
15.27;751.78
15.27;751.78
15.27;767.78
15.27;751.78
15.27;767.78
15.27;767.78
15.33;751.78
15.33;751.78
15.33;767.78
15.33;751.78
15.33;767.78
15.33;767.78
15.39;751.78
15.39;751.78
15.39;767.78
15.39;751.78
15.39;767.78
15.39;767.78
15.44;751.78
15.44;751.78
15.44;767.78
15.44;751.78
15.44;767.78
15.44;751.78
15.44;767.78
15.44;767.78
15.5;751.78
15.5;751.78
15.5;767.78
15.5;751.78
15.5;767.78
15.5;767.78
15.55;751.78
15.55;751.78
15.55;767.78
15.55;751.78
15.55;751.78
15.55;751.78
15.55;751.78
15.55;767.78
15.61;751.78
15.61;751.78
15.61;751.78
15.61;751.78
15.61;751.78
15.67;735.79
15.67;751.78
15.67;735.79
15.67;751.78
15.67;751.78
15.67;751.78
15.72;735.79
15.72;735.79
15.72;735.79
15.72;751.78
15.72;735.79
15.72;751.78
15.72;735.79
15.72;751.78
15.72;751.78
15.78;735.79
15.78;735.79
15.78;751.78
15.78;735.79
15.78;751.78
15.78;735.79
15.78;751.78
15.83;735.79
15.83;751.78
15.83;735.79
15.83;751.78
15.83;751.78
15.89;735.79
15.89;735.79
15.89;751.78
15.89;735.79
15.89;751.78
15.89;735.79
15.95;735.79
15.95;735.79
15.95;751.78
15.95;735.79
15.95;735.79
16;735.79
16;735.79
16;735.79
16;735.79
16;735.79
16;735.79
16;735.79
16.06;735.79
16.06;735.79
16.06;735.79
16.06;719.79
16.06;735.79
16.06;719.79
16.06;735.79
16.06;735.79
16.12;719.79
16.12;719.79
16.12;735.79
16.12;719.79
16.12;735.79
16.12;735.79
16.12;735.79
16.17;719.79
16.17;719.79
16.17;719.79
16.17;735.79
16.17;719.79
16.17;735.79
16.17;735.79
16.23;719.79
16.23;719.79
16.23;719.79
16.23;719.79
16.23;719.79
16.23;719.79
16.28;719.79
16.28;719.79
16.28;719.79
16.28;703.8
16.28;719.79
16.28;719.79
16.28;719.79
16.34;703.8
16.34;719.79
16.34;703.8
16.34;719.79
16.34;703.8
16.34;719.79
16.4;703.8
16.4;703.8
16.4;703.8
16.4;703.8
16.4;703.8
16.4;703.8
16.45;703.8
16.45;703.8
16.45;703.8
16.45;703.8
16.45;687.8
16.45;703.8
16.45;687.8
16.45;703.8
16.45;703.8
16.51;687.8
16.51;687.8
16.51;687.8
16.51;687.8
16.51;687.8
16.51;687.8
16.51;687.8
16.56;671.81
16.56;687.8
16.56;671.81
16.56;671.81
16.56;671.81
16.56;671.81
16.62;655.81
16.62;671.81
16.62;655.81
16.62;655.81
16.79;63.98
16.85;47.99
16.85;31.99
16.85;0
16.85;0
16.9;0
16.9;0
16.9;0
16.9;0
16.9;0
16.9;0
16.9;0
16.96;0
16.96;0
16.96;0
16.96;0
16.96;0
16.96;0
16.96;0
17.01;0
17.01;0
17.01;0
17.01;0
17.01;0
17.07;0
17.07;0
17.07;0
17.07;0
17.07;0
17.07;0
17.13;0
17.13;0
17.13;0
17.13;0
17.13;0
17.13;0
17.13;0
17.18;0
17.18;0
17.18;0
17.18;0
17.18;0
17.18;0
17.18;0
17.18;0
17.24;0
17.24;0
17.24;0
17.24;0
17.24;0
17.24;0
17.24;0
17.24;0
17.29;0
17.29;0
17.29;0
17.29;0
17.29;0
17.35;0
17.35;0
17.35;0
17.35;0
17.35;0
17.35;0
17.35;0
17.41;0
17.41;0
17.41;0
17.41;0
17.41;0
17.41;0
17.41;0
17.41;0
17.46;0
17.46;0
17.46;0
17.46;0
17.46;0
17.46;0
17.52;0
17.52;0
17.52;0
17.52;0
17.52;0
17.52;0
17.52;0
17.52;0
17.58;0
17.58;0
17.58;0
17.58;0
17.58;0
17.58;0
17.58;0
17.63;0
17.63;0
17.63;0
17.63;0
17.63;0
17.63;0
17.69;0
17.69;0
17.69;0
17.69;0
17.69;0
17.69;0
17.69;0
17.74;0
17.74;0
17.74;0
17.74;0
17.74;0
17.8;0
17.8;0
17.8;0
17.8;0
17.8;0
17.8;0
17.8;0
17.8;0
17.86;0
17.86;0
17.86;0
17.86;0
17.86;0
17.86;0
17.86;0
17.86;0
17.86;0
17.86;0
17.91;0
17.91;0
17.91;0
17.91;0
17.91;0
17.91;0
17.97;0
17.97;0
17.97;0
17.97;0
17.97;0
17.97;0
18.02;0
18.02;0
18.02;0
18.02;0
18.02;0
18.02;0
18.02;0
18.02;0
18.08;0
18.08;0
18.08;0
18.08;0
18.08;0
18.08;0
18.14;0
18.14;0
18.14;0
18.14;0
18.14;0
18.14;0
18.19;0
18.19;0
18.19;0
18.19;0
18.19;0
18.19;0
18.19;0
18.19;0
18.25;0
18.25;0
18.25;0
18.25;0
18.25;0
18.25;0
18.31;0
18.31;0
18.31;0
18.31;0
18.36;0
18.36;0
18.36;0
18.36;0
18.36;0
18.36;0
18.36;0
18.36;0
18.42;0
18.42;0
18.42;0
18.42;0
18.42;0
18.42;0
18.42;0
18.42;0
18.42;0
18.42;0
18.47;0
18.47;0
18.47;0
18.47;0
18.47;0
18.47;0
18.47;0
18.47;0
18.53;0
18.53;0
18.53;0
18.53;0
18.53;0
18.53;0
18.53;0
18.53;0
18.53;0
18.53;0
18.53;0
18.53;0
18.53;0
18.53;0
18.59;0
18.59;0
18.59;0
18.59;0
18.59;0
18.59;0
18.59;0
18.59;0
18.59;0
18.59;0
18.59;0
18.59;0
18.64;0
18.64;0
18.64;0
18.64;0
18.64;0
18.64;0
18.64;0
18.64;0
18.64;0
18.64;0
18.64;0
18.64;0
18.64;0
18.64;0
18.64;0
18.64;0
18.64;0
18.7;0
18.7;0
18.7;0
18.7;0
18.7;0
18.7;0
18.7;0
18.7;0
18.7;0
18.7;0
18.7;0
18.7;0
18.7;0
18.7;0
18.7;0
18.7;0
18.7;0
18.7;0
18.7;0
18.7;0
18.7;0
18.7;0
18.7;0
18.7;0
18.7;0
18.7;0
18.7;0
18.7;0
18.7;0
18.7;0
18.7;0
18.7;0
18.7;0
18.7;0
18.7;0
18.7;0
18.7;0
18.7;0
18.7;0
18.7;0
18.7;0
18.7;0
18.7;0
18.7;0
18.7;0
18.7;0
18.7;0
18.7;0
18.7;0
18.7;0
18.7;0
18.7;0
18.7;0
18.7;0
18.7;0
18.7;0
18.7;0
18.7;0
18.7;0
18.7;0
18.7;0
18.7;0
18.7;0
18.7;0
18.7;0
18.7;0
18.7;0
18.7;0
18.7;0
18.7;0
18.7;0
18.7;0
18.7;0
18.7;0
18.7;0
18.7;0
18.7;0
18.7;0
18.7;0
18.7;0
18.7;0
18.7;0
18.7;0
18.7;0
18.7;0
18.7;0
18.7;0
18.7;0
18.7;0
18.7;0
18.7;0
18.7;0
18.7;0
18.7;0
18.7;0
18.7;0
18.7;0
18.7;0
18.7;0
18.7;0
18.7;0
18.7;0
18.7;0
18.7;0
18.7;0
18.7;0
18.7;0
18.7;0
18.7;0
18.7;0
18.7;0
18.7;0
18.7;0
18.7;0
18.7;0
18.7;0
18.7;0
18.7;0
18.7;0
18.7;0
18.7;0
18.7;0
18.7;0
18.7;0
18.7;0
18.7;0
18.7;0
18.7;0
18.7;0
18.7;0
18.7;0
18.7;0
18.7;0
18.7;0
18.7;0
18.7;0
18.7;0
18.7;0
18.7;0
18.7;0
18.7;0
18.7;0
18.7;0
18.7;0
18.7;0
18.7;0
18.7;0
18.7;0
18.7;0
18.7;0
18.7;0
18.7;0
18.7;0
18.7;0
18.7;0
18.7;0
18.7;0
18.7;0
18.7;0
18.7;0
18.7;0
18.7;0
18.7;0
18.7;0
18.7;0
18.7;0
18.7;0
18.7;0
18.7;0
18.7;0
18.7;0
18.7;0
18.7;0
18.7;0
18.7;0
18.7;0
18.7;0
18.7;0
18.7;0
18.7;0
18.7;0
18.7;0
18.7;0
18.7;0
18.7;0
18.7;0
18.7;0
18.7;0
18.75;0
18.75;0
18.75;0
18.75;0
18.75;0
18.75;0
18.75;0
18.75;0
18.75;0
18.75;0
18.75;0
18.75;0
18.75;0
18.75;0
18.75;0
18.75;0
18.75;0
18.75;0
18.75;0
18.75;0
18.75;0
18.75;0
18.75;0
18.75;0
18.75;0
18.75;0
18.75;0
18.75;0
18.75;0
18.75;0
18.75;0
18.75;0
18.75;0
18.75;0
18.75;0
18.75;0
18.75;0
18.75;0
18.75;0
18.75;0
18.75;0
18.75;0
18.75;0
18.75;0
18.75;0
18.75;0
18.75;0
18.75;0
18.75;0
18.75;0
18.75;0
18.75;0
18.75;0
18.75;0
18.75;0
18.75;0
18.75;0
18.75;0
18.75;0
18.75;0
18.75;0
18.75;0
18.75;0
18.75;0
18.75;0
18.75;0
18.75;0
18.75;0
18.75;0
18.75;0
18.75;0
18.75;0
18.75;0
18.75;0
18.75;0
18.75;0
18.75;0
18.75;0
18.75;0
18.75;0
18.75;0
18.75;0
18.75;0
18.75;0
18.75;0
18.75;0
18.75;0
18.75;0
18.75;0
18.75;0
18.75;0
18.75;0
18.75;0
18.75;0
18.75;0
18.75;0
18.75;0
18.75;0
18.75;0
18.75;0
18.75;0
18.75;0
18.75;0
18.75;0
18.75;0
18.75;0
18.75;0
18.75;0
18.75;0
18.75;0
18.75;0
18.75;0
18.75;0
18.75;16
18.75;0
18.75;0
18.75;0
18.75;0
18.75;0
18.75;0
18.75;16
18.75;0
18.75;0
18.75;0
18.75;16
18.75;16
18.75;0
18.75;0
18.75;0
18.75;0
18.75;0
18.75;0
18.75;0
18.75;0
18.75;0
18.75;0
18.75;0
18.75;16
18.75;0
18.75;0
18.75;0
18.75;16
